smile,value_min,value_max,value_mean
Cc1cc(C(c2ccc(C(C)(C)C)cc2)c2cc(C)c(N3C(=O)c4ccc(-c5ccc6c(c5)C(=O)N(C)C6=O)cc4C3=O)c(C)c2)cc(C)c1C,80,80,80
Cc1ccc(-c2ccc(N3C(=O)c4ccc(C(c5ccc6c(c5)C(=O)N(C)C6=O)(C(F)(F)F)C(F)(F)F)cc4C3=O)cc2C(F)(F)F)c(C(F)(F)F)c1,80,80,80
Cc1ccc(-c2ccc(N3C(=O)c4ccc(C(c5ccc6c(c5)C(=O)N(C)C6=O)(C(F)(F)F)C(F)(F)F)cc4C3=O)cc2C(F)(F)F)c(C(F)(F)F)c1,85,85,85
Cc1ccc(-c2ccc(-c3ccc(N4C(=O)c5ccc(C(c6ccc7c(c6)C(=O)N(C)C7=O)(C(F)(F)F)C(F)(F)F)cc5C4=O)cc3)cc2C(F)(F)F)cc1,44.2,44.2,44.2
Cc1ccc(-c2ccc(-c3ccc(N4C(=O)c5ccc(C(c6ccc7c(c6)C(=O)N(C)C7=O)(C(F)(F)F)C(F)(F)F)cc5C4=O)cc3)c(C(F)(F)F)c2)cc1,44.2,44.2,44.2
Cc1ccc(-c2cc(C(F)(F)F)c(-c3ccc(N4C(=O)c5ccc(C(c6ccc7c(c6)C(=O)N(C)C7=O)(C(F)(F)F)C(F)(F)F)cc5C4=O)cc3)cc2C(F)(F)F)cc1,69.3,69.3,69.3
Cc1ccc(-c2ccc(-c3ccc(N4C(=O)c5ccc(C(c6ccc7c(c6)C(=O)N(C)C7=O)(C(F)(F)F)C(F)(F)F)cc5C4=O)cc3C(F)(F)F)cc2)c(C(F)(F)F)c1,76.5,76.5,76.5
Cc1ccc(-c2ccc(-c3ccc(N4C(=O)C5CC6C(=O)N(C)C(=O)C6CC5C4=O)cc3)cc2C(F)(F)F)cc1,82.9,82.9,82.9
Cc1ccc(-c2ccc(-c3ccc(N4C(=O)C5CC6C(=O)N(C)C(=O)C6CC5C4=O)cc3)c(C(F)(F)F)c2)cc1,82.9,82.9,82.9
Cc1ccc(-c2cc(C(F)(F)F)c(-c3ccc(N4C(=O)C5CC6C(=O)N(C)C(=O)C6CC5C4=O)cc3)cc2C(F)(F)F)cc1,80.9,80.9,80.9
Cc1ccc(-c2ccc(-c3ccc(N4C(=O)C5CC6C(=O)N(C)C(=O)C6CC5C4=O)cc3C(F)(F)F)cc2)c(C(F)(F)F)c1,83.4,83.4,83.4
Cc1ccc(Oc2ccc(N3C(=O)C4CCC5C(=O)N(C)C(=O)C6CCC(C3=O)C4C56)cc2)cc1,85,85,85
Cc1ccc(Oc2ccc(Oc3ccc(N4C(=O)C5CCC6C(=O)N(C)C(=O)C7CCC(C4=O)C5C67)cc3)cc2)cc1,80,80,80
Cc1ccc(Oc2ccc(-c3ccc(Oc4ccc(N5C(=O)C6CCC7C(=O)N(C)C(=O)C8CCC(C5=O)C6C78)cc4)cc3)cc2)cc1,80,80,80
CC1CCC(CC2CCC(N3C(=O)C4CCC5C(=O)N(C)C(=O)C6CCC(C3=O)C4C56)CC2)CC1,81,81,81
Cc1ccc(Oc2ccc(N3C(=O)C4CC5C(=O)N(C)C(=O)C5CC4C3=O)cc2)cc1,84,85,84.5
Cc1ccc(Oc2ccc(Oc3ccc(N4C(=O)C5CC6C(=O)N(C)C(=O)C6CC5C4=O)cc3)cc2)cc1,83,83,83
CC1CCC(CC2CCC(N3C(=O)C4CC5C(=O)N(C)C(=O)C5CC4C3=O)CC2)CC1,85,86,85.5
Cc1ccc(Oc2ccc(N3C(=O)C4CCC(C5CCC6C(=O)N(C)C(=O)C6C5)CC4C3=O)cc2)cc1,80,80,80
Cc1ccc(Oc2ccc(Oc3ccc(N4C(=O)C5CCC(C6CCC7C(=O)N(C)C(=O)C7C6)CC5C4=O)cc3)cc2)cc1,81,81,81
Cc1ccc(Oc2ccc(-c3ccc(Oc4ccc(N5C(=O)C6CCC(C7CCC8C(=O)N(C)C(=O)C8C7)CC6C5=O)cc4)cc3)cc2)cc1,80,80,80
CC1CCC(N2C(=O)C3CCC(C4CCC5C(=O)N(C)C(=O)C5C4)CC3C2=O)CC1,84,84,84
CC1CCC(CC2CCC(N3C(=O)C4CCC(C5CCC6C(=O)N(C)C(=O)C6C5)CC4C3=O)CC2)CC1,82,82,82
Cc1ccc(N2C(=O)C3CCCC(C4CCC5C(=O)N(C)C(=O)C5C4)C3C2=O)cc1,78,78,78
Cc1ccc(N2C(=O)C3CCC(C4CCCC5C(=O)N(C)C(=O)C54)CC3C2=O)cc1,78,78,78
Cc1ccc(Oc2ccc(N3C(=O)C4CCC(C5CCCC6C(=O)N(C)C(=O)C65)CC4C3=O)cc2)cc1,82,82,82
Cc1ccc(Oc2ccc(N3C(=O)C4CCCC(C5CCC6C(=O)N(C)C(=O)C6C5)C4C3=O)cc2)cc1,82,82,82
Cc1ccc(Oc2ccc(Oc3ccc(N4C(=O)C5CCCC(C6CCC7C(=O)N(C)C(=O)C7C6)C5C4=O)cc3)cc2)cc1,81,81,81
Cc1ccc(Oc2ccc(Oc3ccc(N4C(=O)C5CCC(C6CCCC7C(=O)N(C)C(=O)C76)CC5C4=O)cc3)cc2)cc1,81,81,81
Cc1ccc(Oc2ccc(-c3ccc(Oc4ccc(N5C(=O)C6CCCC(C7CCC8C(=O)N(C)C(=O)C8C7)C6C5=O)cc4)cc3)cc2)cc1,82,82,82
Cc1ccc(Oc2ccc(-c3ccc(Oc4ccc(N5C(=O)C6CCC(C7CCCC8C(=O)N(C)C(=O)C87)CC6C5=O)cc4)cc3)cc2)cc1,82,82,82
CC1CCC(N2C(=O)C3CCCC(C4CCC5C(=O)N(C)C(=O)C5C4)C3C2=O)CC1,84,84,84
CC1CCC(N2C(=O)C3CCC(C4CCCC5C(=O)N(C)C(=O)C54)CC3C2=O)CC1,84,84,84
CC1CCC(CC2CCC(N3C(=O)C4CCCC(C5CCC6C(=O)N(C)C(=O)C6C5)C4C3=O)CC2)CC1,84,84,84
CC1CCC(CC2CCC(N3C(=O)C4CCC(C5CCCC6C(=O)N(C)C(=O)C65)CC4C3=O)CC2)CC1,84,84,84
Cc1ccc(Oc2ccc(N3C(=O)C4CCCC(C5CCCC6C(=O)N(C)C(=O)C65)C4C3=O)cc2)cc1,83,83,83
Cc1ccc(Oc2ccc(Oc3ccc(N4C(=O)C5CCCC(C6CCCC7C(=O)N(C)C(=O)C76)C5C4=O)cc3)cc2)cc1,82,82,82
Cc1ccc(Oc2ccc(-c3ccc(Oc4ccc(N5C(=O)C6CCCC(C7CCCC8C(=O)N(C)C(=O)C87)C6C5=O)cc4)cc3)cc2)cc1,83,83,83
CC1CCC(N2C(=O)C3CCCC(C4CCCC5C(=O)N(C)C(=O)C54)C3C2=O)CC1,87,87,87
CC1CCC(CC2CCC(N3C(=O)C4CCCC(C5CCCC6C(=O)N(C)C(=O)C65)C4C3=O)CC2)CC1,86,86,86
Cc1ccc(C23CC4CC(C2)CC(c2ccc(N5C(=O)c6ccc(C(c7ccc8c(c7)C(=O)N(C)C8=O)(C(F)(F)F)C(F)(F)F)cc6C5=O)cc2)(C4)C3)cc1,42,42,42
Cc1ccc(C23CC4CC(C2)CC(c2ccc(N5C(=O)C6CC7C(=O)N(C)C(=O)C7CC6C5=O)cc2)(C4)C3)cc1,90,90,90
Cc1ccc(C23CC4CC(C2)CC(c2ccc(N5C(=O)C6CCC(C7CCC8C(=O)N(C)C(=O)C8C7)CC6C5=O)cc2)(C4)C3)cc1,86,86,86
Cc1ccc(C23CC4CC(C2)CC(c2ccc(N5C(=O)C6C7C=CC(C8C(=O)N(C)C(=O)C78)C6C5=O)cc2)(C4)C3)cc1,80,80,80
Cc1cc(C23CC4CC(C2)CC(c2cc(C)c(N5C(=O)c6ccc(C(c7ccc8c(c7)C(=O)N(C)C8=O)(C(F)(F)F)C(F)(F)F)cc6C5=O)c(C)c2)(C4)C3)cc(C)c1C,89,89,89
Cc1cc(C23CC4CC(C2)CC(c2cc(C)c(N5C(=O)C6CC7C(=O)N(C)C(=O)C7CC6C5=O)c(C)c2)(C4)C3)cc(C)c1C,86,86,86
Cc1cc(C23CC4CC(C2)CC(c2cc(C)c(N5C(=O)C6CCC(C7CCC8C(=O)N(C)C(=O)C8C7)CC6C5=O)c(C)c2)(C4)C3)cc(C)c1C,91,91,91
Cc1cc(C23CC4CC(C2)CC(c2cc(C)c(N5C(=O)C6C7C=CC(C8C(=O)N(C)C(=O)C78)C6C5=O)c(C)c2)(C4)C3)cc(C)c1C,80,80,80
Cc1cc(F)cc(C23CC4CC(C2)CC(c2cc(F)cc(N5C(=O)c6ccc(C(c7ccc8c(c7)C(=O)N(C)C8=O)(C(F)(F)F)C(F)(F)F)cc6C5=O)c2)(C4)C3)c1,81,81,81
Cc1cc(F)cc(C23CC4CC(C2)CC(c2cc(F)cc(N5C(=O)C6CC7C(=O)N(C)C(=O)C7CC6C5=O)c2)(C4)C3)c1,86,86,86
Cc1cc(F)cc(C23CC4CC(C2)CC(c2cc(F)cc(N5C(=O)C6CCC(C7CCC8C(=O)N(C)C(=O)C8C7)CC6C5=O)c2)(C4)C3)c1,88,88,88
Cc1cc(F)cc(C23CC4CC(C2)CC(c2cc(F)cc(N5C(=O)C6C7C=CC(C8C(=O)N(C)C(=O)C78)C6C5=O)c2)(C4)C3)c1,91,91,91
Cc1ccc(-c2ccc(N3C(=O)c4ccc(C(c5ccc6c(c5)C(=O)N(C)C6=O)(C(F)(F)F)C(F)(F)F)cc4C3=O)cc2)cc1,14.5,14.5,14.5
Cc1ccc(-c2ccc(N3C(=O)c4ccc(C(c5ccc6c(c5)C(=O)N(C)C6=O)(C(F)(F)F)C(F)(F)F)cc4C3=O)cc2F)c(F)c1,50.3,50.3,50.3
Cc1cc(F)c(-c2c(F)cc(N3C(=O)c4ccc(C(c5ccc6c(c5)C(=O)N(C)C6=O)(C(F)(F)F)C(F)(F)F)cc4C3=O)cc2F)c(F)c1,63.1,63.1,63.1
Cc1ccc(-c2ccc(N3C(=O)c4ccc(C(c5ccc6c(c5)C(=O)N(C)C6=O)(C(F)(F)F)C(F)(F)F)cc4C3=O)cc2C(F)(F)F)c(C(F)(F)F)c1,80.2,85.5,83.025
Cc1ccc(-c2ccc(N3C(=O)c4ccc(C(c5ccc6c(c5)C(=O)N(C)C6=O)(C(F)(F)F)C(F)(F)F)cc4C3=O)cc2C)c(C)c1,44.1,51,47.55
Cc1ccc(Oc2ccc(N3C(=O)c4ccc(-c5ccc6c(c5)C(=O)N(C)C6=O)cc4C3=O)cc2C(F)(F)F)c(C(F)(F)F)c1,11.3,11.3,11.3
Cc1ccc(S(=O)c2ccc(N3C(=O)c4ccc(-c5ccc6c(c5)C(=O)N(C)C6=O)cc4C3=O)cc2C(F)(F)F)c(C(F)(F)F)c1,65.3,65.3,65.3
Cc1ccc(-c2ccc(N3C(=O)c4ccc(-c5ccc6c(c5)C(=O)N(C)C6=O)cc4C3=O)cc2C(F)(F)F)c(C(F)(F)F)c1,43.1,43.1,43.1
Cc1ccc(S(=O)c2ccc(N3C(=O)c4ccc(-c5ccc6c(c5)C(=O)N(C)C6=O)cc4C3=O)cc2)cc1,13.5,13.5,13.5
Cc1ccc(-c2ccc(N3C(=O)C4CC5C(=O)N(C)C(=O)C5CC4C3=O)cc2C(F)(F)F)c(C(F)(F)F)c1,85,85,85
Cc1ccc(Oc2ccc(Oc3ccc(N4C(=O)C5CC6C(=O)N(C)C(=O)C6CC5C4=O)cc3C(F)(F)F)cc2)c(C(F)(F)F)c1,88,88,88
Cc1ccc(Oc2ccc(-c3ccc(Oc4ccc(N5C(=O)C6CC7C(=O)N(C)C(=O)C7CC6C5=O)cc4C(F)(F)F)cc3)cc2)c(C(F)(F)F)c1,87,87,87
Cc1ccc(Oc2ccc(S(=O)(=O)c3ccc(Oc4ccc(N5C(=O)C6CC7C(=O)N(C)C(=O)C7CC6C5=O)cc4C(F)(F)F)cc3)cc2)c(C(F)(F)F)c1,88,88,88
Cc1cc(Oc2ccc(S(=O)(=O)c3ccc(Oc4cc(N5C(=O)C6CC7C(=O)N(C)C(=O)C7CC6C5=O)cc(C(F)(F)F)c4)cc3)cc2)cc(C(F)(F)F)c1,90,90,90
Cc1cc(C(c2ccccc2)c2cc(C)c(N3C(=O)C4CC5C(=O)N(C)C(=O)C5CC4C3=O)c(C)c2)cc(C)c1C,71,71,71
Cc1cc(C(c2ccc(F)cc2)c2cc(C)c(N3C(=O)C4CC5C(=O)N(C)C(=O)C5CC4C3=O)c(C)c2)cc(C)c1C,74,74,74
Cc1cc(C(c2cc(C)c(N3C(=O)C4CC5C(=O)N(C)C(=O)C5CC4C3=O)c(C)c2)c2cc(F)c(F)c(F)c2)cc(C)c1C,78,78,78
Cc1cc(C(c2ccccc2)c2cc(C)c(N3C(=O)C4C5C=CC(C6C(=O)N(C)C(=O)C56)C4C3=O)c(C)c2)cc(C)c1C,72,72,72
Cc1cc(C(c2ccc(F)cc2)c2cc(C)c(N3C(=O)C4C5C=CC(C6C(=O)N(C)C(=O)C56)C4C3=O)c(C)c2)cc(C)c1C,72,72,72
Cc1cc(C(c2cc(C)c(N3C(=O)C4C5C=CC(C6C(=O)N(C)C(=O)C56)C4C3=O)c(C)c2)c2cc(F)c(F)c(F)c2)cc(C)c1C,80,80,80
Cc1ccc(Oc2ccc(N3C(=O)[C@H]4C[C@H]5C(=O)N(C)C(=O)[C@@H]5C[C@@H]4C3=O)cc2)cc1,76,76,76
Cc1ccc(Oc2ccc(N3C(=O)[C@@H]4C[C@@H]5C(=O)N(C)C(=O)[C@H]5C[C@H]4C3=O)cc2)cc1,76,76,76
Cc1ccc(Oc2ccc(Oc3ccc(N4C(=O)[C@@H]5C[C@@H]6C(=O)N(C)C(=O)[C@H]6C[C@H]5C4=O)cc3)cc2)cc1,79.4,79.4,79.4
Cc1ccc(Oc2ccc(Oc3ccc(N4C(=O)[C@H]5C[C@H]6C(=O)N(C)C(=O)[C@@H]6C[C@@H]5C4=O)cc3)cc2)cc1,79.4,79.4,79.4
Cc1ccc(Oc2ccc(C(C)(C)c3ccc(Oc4ccc(N5C(=O)[C@H]6C[C@H]7C(=O)N(C)C(=O)[C@@H]7C[C@@H]6C5=O)cc4)cc3)cc2)cc1,79,79,79
Cc1ccc(Oc2ccc(C(C)(C)c3ccc(Oc4ccc(N5C(=O)[C@@H]6C[C@@H]7C(=O)N(C)C(=O)[C@H]7C[C@H]6C5=O)cc4)cc3)cc2)cc1,79,79,79
Cc1ccc(Oc2ccc(S(=O)(=O)c3ccc(Oc4ccc(N5C(=O)[C@@H]6C[C@@H]7C(=O)N(C)C(=O)[C@H]7C[C@H]6C5=O)cc4)cc3)cc2)cc1,80.5,80.5,80.5
Cc1ccc(Oc2ccc(S(=O)(=O)c3ccc(Oc4ccc(N5C(=O)[C@H]6C[C@H]7C(=O)N(C)C(=O)[C@@H]7C[C@@H]6C5=O)cc4)cc3)cc2)cc1,80.5,80.5,80.5
Cc1ccc(Oc2ccc(N3C(=O)[C@@H]4C[C@@H]5C(=O)N(C)C(=O)[C@H]5C[C@H]4C3=O)cc2C(F)(F)F)c(C(F)(F)F)c1,74.8,74.8,74.8
Cc1ccc(Oc2ccc(N3C(=O)[C@H]4C[C@H]5C(=O)N(C)C(=O)[C@@H]5C[C@@H]4C3=O)cc2C(F)(F)F)c(C(F)(F)F)c1,74.8,74.8,74.8
Cc1ccc(Oc2ccc(C(c3ccc(Oc4ccc(N5C(=O)[C@H]6C[C@H]7C(=O)N(C)C(=O)[C@@H]7C[C@@H]6C5=O)cc4)cc3)(C(F)(F)F)C(F)(F)F)cc2)cc1,78.9,78.9,78.9
Cc1ccc(Oc2ccc(C(c3ccc(Oc4ccc(N5C(=O)[C@@H]6C[C@@H]7C(=O)N(C)C(=O)[C@H]7C[C@H]6C5=O)cc4)cc3)(C(F)(F)F)C(F)(F)F)cc2)cc1,78.9,78.9,78.9
Cc1ccc(N2C(=O)[C@@H]3C[C@@H]4C(=O)N(C)C(=O)[C@H]4C[C@H]3C2=O)cc1,64.6,64.6,64.6
Cc1ccc(N2C(=O)[C@H]3C[C@H]4C(=O)N(C)C(=O)[C@@H]4C[C@@H]3C2=O)cc1,64.6,64.6,64.6
Cc1ccc(-c2ccc(N3C(=O)[C@@H]4C[C@@H]5C(=O)N(C)C(=O)[C@H]5C[C@H]4C3=O)cc2C(F)(F)F)c(C(F)(F)F)c1,71.8,78.6,75.2
Cc1ccc(-c2ccc(N3C(=O)[C@H]4C[C@H]5C(=O)N(C)C(=O)[C@@H]5C[C@@H]4C3=O)cc2C(F)(F)F)c(C(F)(F)F)c1,71.8,78.6,75.2
Cc1ccc(C(=O)Nc2ccc(N3C(=O)[C@H]4C[C@H]5C(=O)N(C)C(=O)[C@@H]5C[C@@H]4C3=O)cc2)cc1,77.7,77.7,77.7
Cc1ccc(NC(=O)c2ccc(N3C(=O)[C@@H]4C[C@@H]5C(=O)N(C)C(=O)[C@H]5C[C@H]4C3=O)cc2)cc1,77.7,77.7,77.7
Cc1ccc(NC(=O)c2ccc(N3C(=O)[C@H]4C[C@H]5C(=O)N(C)C(=O)[C@@H]5C[C@@H]4C3=O)cc2)cc1,77.7,77.7,77.7
Cc1ccc(C(=O)Nc2ccc(N3C(=O)[C@@H]4C[C@@H]5C(=O)N(C)C(=O)[C@H]5C[C@H]4C3=O)cc2)cc1,77.7,77.7,77.7
Cc1cccc(N2C(=O)c3ccc(C(c4ccc5c(c4)C(=O)N(C)C5=O)(C(F)(F)F)C(F)(F)F)cc3C2=O)c1,73.8,73.8,73.8
CC1CCC(CC2CCC(N3C(=O)[C@@H]4C[C@@H]5C(=O)N(C)C(=O)[C@H]5C[C@H]4C3=O)CC2)CC1,78.3,78.3,78.3
CC1CCC(CC2CCC(N3C(=O)[C@H]4C[C@H]5C(=O)N(C)C(=O)[C@@H]5C[C@@H]4C3=O)CC2)CC1,78.3,78.3,78.3
CC1CCC(CC2CCC(N3C(=O)[C@@H]4C[C@@H]5C(=O)N(C)C(=O)[C@H]5C[C@H]4C3=O)C(C)C2)CC1C,72.1,72.1,72.1
CC1CCC(CC2CCC(N3C(=O)[C@H]4C[C@H]5C(=O)N(C)C(=O)[C@@H]5C[C@@H]4C3=O)C(C)C2)CC1C,72.1,72.1,72.1
Cc1ccc(-c2ccc(N3C(=O)c4ccc(C(=O)Nc5ccc(-c6ccc(NC(=O)c7ccc8c(c7)C(=O)N(C)C8=O)cc6C(F)(F)F)c(C(F)(F)F)c5)cc4C3=O)cc2C(F)(F)F)c(C(F)(F)F)c1,43.4,43.4,43.4
Cc1ccc(-c2ccc(N3C(=O)c4ccc(C(=O)Nc5ccc(-c6ccc(NC(=O)c7ccc8c(c7)C(=O)N(C)C8=O)c(C(F)(F)F)c6)cc5C(F)(F)F)cc4C3=O)cc2C(F)(F)F)c(C(F)(F)F)c1,2.5,2.5,2.5
Cc1ccc(-c2ccc(N3C(=O)c4ccc(C(=O)Nc5cc(Cl)c(-c6cc(Cl)c(NC(=O)c7ccc8c(c7)C(=O)N(C)C8=O)cc6Cl)cc5Cl)cc4C3=O)cc2C(F)(F)F)c(C(F)(F)F)c1,0.6,0.6,0.6
Cc1cccc(N2C(=O)c3ccc(C(c4ccc5c(c4)C(=O)N(C)C5=O)(C(F)(F)F)C(F)(F)F)cc3C2=O)c1C,82,82,82
Cc1cc(C)c(N2C(=O)c3ccc(C(c4ccc5c(c4)C(=O)N(C)C5=O)(C(F)(F)F)C(F)(F)F)cc3C2=O)c(C)c1C,85.7,85.7,85.7
Cc1ccc(N2C(=O)c3ccc(C(c4ccc5c(c4)C(=O)N(C)C5=O)(C(F)(F)F)C(F)(F)F)cc3C2=O)cc1,48.2,48.2,48.2
Cc1cc(C)c(N2C(=O)c3ccc(C(c4ccc5c(c4)C(=O)N(C)C5=O)(C(F)(F)F)C(F)(F)F)cc3C2=O)cc1C,80,80,80
Cc1c(C)c(C)c(N2C(=O)c3ccc(C(c4ccc5c(c4)C(=O)N(C)C5=O)(C(F)(F)F)C(F)(F)F)cc3C2=O)c(C)c1C,83.9,83.9,83.9
Cc1cc(C2(c3cc(C)c(N4C(=O)c5ccc(Oc6ccc(C(C)(C)c7ccc(Oc8ccc9c(c8)C(=O)N(C)C9=O)cc7)cc6)cc5C4=O)c(C)c3)c3cc(O)ccc3-c3ccc(O)cc32)cc(C)c1C,41.6,54.5,48.4
CC(=O)Oc1ccc2c(c1)C(c1cc(C)c(C)c(C)c1)(c1cc(C)c(N3C(=O)c4ccc(C(c5ccc6c(c5)C(=O)N(C)C6=O)(C(F)(F)F)C(F)(F)F)cc4C3=O)c(C)c1)c1cc(OC(C)=O)ccc1-2,80.9,83.5,82.23333333
CCC(=O)Oc1ccc2c(c1)C(c1cc(C)c(C)c(C)c1)(c1cc(C)c(N3C(=O)c4ccc(Oc5ccc6c(c5)C(=O)N(C)C6=O)cc4C3=O)c(C)c1)c1cc(OC(=O)CC)ccc1-2,80.1,83.1,81.86666667
Cc1ccc(-c2ccc(N3C(=O)c4ccc(C(c5ccc6c(c5)C(=O)N(C)C6=O)(C(F)(F)F)C(F)(F)F)cc4C3=O)c(C)c2)cc1C,66,66,66
Cc1cc(C)c(-c2cc(C)c(N3C(=O)c4ccc(C(c5ccc6c(c5)C(=O)N(C)C6=O)(C(F)(F)F)C(F)(F)F)cc4C3=O)cc2C)cc1C,82,82,82
Cc1ccc(-c2cc(-c3ccc(N4C(=O)c5ccc(C(c6ccc7c(c6)C(=O)N(C)C7=O)(C(F)(F)F)C(F)(F)F)cc5C4=O)cc3)cc(C(c3ccccc3)(c3ccccc3)c3ccccc3)c2)cc1,10,10,10
Cc1cccc(-c2cc(-c3cccc(N4C(=O)c5ccc(C(c6ccc7c(c6)C(=O)N(C)C7=O)(C(F)(F)F)C(F)(F)F)cc5C4=O)c3)cc(C(c3ccccc3)(c3ccccc3)c3ccccc3)c2)c1,53,53,53
Cc1cccc(Oc2ccc(S(=O)(=O)c3ccc(Oc4cccc(N5C(=O)c6ccc(C(=O)Oc7ccc(OC(=O)c8ccc9c(c8)C(=O)N(C)C9=O)cc7)cc6C5=O)c4)cc3)cc2)c1,50,50,50
Cc1ccc(Oc2ccc(S(=O)(=O)c3ccc(Oc4ccc(N5C(=O)c6ccc(C(=O)Oc7ccc(OC(=O)c8ccc9c(c8)C(=O)N(C)C9=O)cc7)cc6C5=O)cc4C(F)(F)F)cc3)cc2)c(C(F)(F)F)c1,55,55,55
Cc1cccc(Oc2ccc(S(=O)(=O)c3ccc(Oc4cccc(N5C(=O)c6ccc(OC(=O)c7ccc(C(=O)Oc8ccc9c(c8)C(=O)N(C)C9=O)cc7)cc6C5=O)c4)cc3)cc2)c1,73,73,73
Cc1ccc(Oc2ccc(S(=O)(=O)c3ccc(Oc4ccc(N5C(=O)c6ccc(OC(=O)c7ccc(C(=O)Oc8ccc9c(c8)C(=O)N(C)C9=O)cc7)cc6C5=O)cc4C(F)(F)F)cc3)cc2)c(C(F)(F)F)c1,78,78,78
Cc1cccc(Oc2ccc(S(=O)(=O)c3ccc(Oc4cccc(N5C(=O)c6ccc(Oc7ccc(Oc8ccc9c(c8)C(=O)N(C)C9=O)cc7)cc6C5=O)c4)cc3)cc2)c1,67,67,67
Cc1ccc(Oc2ccc(S(=O)(=O)c3ccc(Oc4ccc(N5C(=O)c6ccc(Oc7ccc(Oc8ccc9c(c8)C(=O)N(C)C9=O)cc7)cc6C5=O)cc4C(F)(F)F)cc3)cc2)c(C(F)(F)F)c1,71,71,71
Cc1ccc(-c2ccc(N3C(=O)C4C5(C)C(=O)N(C)C(=O)C5C4(C)C3=O)cc2C(F)(F)F)c(C(F)(F)F)c1,83,83,83
Cc1ccc(-c2ccc(N3C(=O)C4C5C(=O)N(C)C(=O)C5C4C3=O)cc2C(F)(F)F)c(C(F)(F)F)c1,83,83,83
Cc1ccc(C(=O)Nc2ccc(N3C(=O)C4C5(C)C(=O)N(C)C(=O)C5C4(C)C3=O)cc2)cc1,67,67,67
Cc1ccc(NC(=O)c2ccc(N3C(=O)C4C5(C)C(=O)N(C)C(=O)C5C4(C)C3=O)cc2)cc1,67,67,67
Cc1ccc(NC(=O)c2ccc(N3C(=O)C4C5C(=O)N(C)C(=O)C5C4C3=O)cc2)cc1,66,69.4,67.7
Cc1ccc(C(=O)Nc2ccc(N3C(=O)C4C5C(=O)N(C)C(=O)C5C4C3=O)cc2)cc1,66,69.4,67.7
Cc1ccc(C(=O)Nc2ccc(N3C(=O)C4CC5C(=O)N(C)C(=O)C5CC4C3=O)cc2)cc1,67,67,67
Cc1ccc(NC(=O)c2ccc(N3C(=O)C4CC5C(=O)N(C)C(=O)C5CC4C3=O)cc2)cc1,67,67,67
Cc1ccc(C(=O)Oc2ccc(N3C(=O)C4C5C(=O)N(C)C(=O)C5C4C3=O)cc2)cc1,84,84,84
Cc1ccc(OC(=O)c2ccc(N3C(=O)C4C5C(=O)N(C)C(=O)C5C4C3=O)cc2)cc1,84,84,84
Cc1ccc(OC(=O)c2ccc(N3C(=O)C4C5(C)C(=O)N(C)C(=O)C5C4(C)C3=O)cc2)c(C)c1,64,64,64
Cc1ccc(C(=O)Oc2ccc(N3C(=O)C4C5(C)C(=O)N(C)C(=O)C5C4(C)C3=O)cc2C)cc1,64,64,64
Cc1ccc(C(=O)Oc2ccc(N3C(=O)C4C5C(=O)N(C)C(=O)C5C4C3=O)cc2C)cc1,78,78,78
Cc1ccc(OC(=O)c2ccc(N3C(=O)C4C5C(=O)N(C)C(=O)C5C4C3=O)cc2)c(C)c1,78,78,78
CC1CCC(N2C(=O)C3C4(C)C(=O)N(C)C(=O)C4C3(C)C2=O)CC1,87,87,87
CC1CCC(N2C(=O)C3C4C(=O)N(C)C(=O)C4C3C2=O)CC1,76,76,76
CC1CCC(N2C(=O)C3CC4C(=O)N(C)C(=O)C4CC3C2=O)CC1,85,85,85
CC1CCC(CC2CCC(N3C(=O)C4C5(C)C(=O)N(C)C(=O)C5C4(C)C3=O)CC2)CC1,81,81,81
CC1CCC(CC2CCC(N3C(=O)C4C5C(=O)N(C)C(=O)C5C4C3=O)CC2)CC1,87,87,87
CC1CCC(CC2CCC(N3C(=O)C4C5(C)C(=O)N(C)C(=O)C5C4(C)C3=O)C(C)C2)CC1C,81,81,81
CC1CCC(CC2CCC(N3C(=O)C4C5C(=O)N(C)C(=O)C5C4C3=O)C(C)C2)CC1C,83,83,83
Cc1ccc(-c2ccc(-c3ccc(N4C(=O)c5ccc(C(c6ccc7c(c6)C(=O)N(C)C7=O)(C(F)(F)F)C(F)(F)F)cc5C4=O)cc3C)cc2)c(C)c1,30,30,30
Cc1cc(C)c(-c2ccc(-c3cc(C)c(N4C(=O)c5ccc(C(c6ccc7c(c6)C(=O)N(C)C7=O)(C(F)(F)F)C(F)(F)F)cc5C4=O)cc3C)cc2)cc1C,73,73,73
Cc1cc(C)c(-c2cc(C)c(-c3cc(C)c(N4C(=O)c5ccc(C(c6ccc7c(c6)C(=O)N(C)C7=O)(C(F)(F)F)C(F)(F)F)cc5C4=O)cc3C)cc2C)cc1C,81,81,81
Cc1ccc(-c2ccc(-c3ccc(N4C(=O)c5ccc(C(c6ccc7c(c6)C(=O)N(C)C7=O)(C(F)(F)F)C(F)(F)F)cc5C4=O)c(C)c3C)cc2)c(C)c1C,78,78,78
Cc1cc(-c2ccc(N3C(=O)c4ccc(C(c5ccc6c(c5)C(=O)N(C)C6=O)(C(F)(F)F)C(F)(F)F)cc4C3=O)c(C)c2C)c(C)cc1-c1ccc(C)c(C)c1C,81,81,81
Cc1ccc(Oc2ccc(N3C(=O)c4ccc(C(c5ccc6c(c5)C(=O)N(C)C6=O)(C(F)(F)F)C(F)(F)F)cc4C3=O)cc2C(F)(F)F)cc1,80.2,80.2,80.2
Cc1ccc(Oc2ccc(N3C(=O)c4ccc(C(c5ccc6c(c5)C(=O)N(C)C6=O)(C(F)(F)F)C(F)(F)F)cc4C3=O)cc2)c(C(F)(F)F)c1,80.2,80.2,80.2
Cc1ccc(C(=O)OC(c2ccccc2)C(OC(=O)c2ccc(N3C(=O)c4ccc(C(c5ccc6c(c5)C(=O)N(C)C6=O)(C(F)(F)F)C(F)(F)F)cc4C3=O)cc2)c2ccccc2)cc1,85.57,85.57,85.57
C=Cc1c(F)c(F)c(Oc2ccc(C(c3ccc(C)cc3)c3ccc(N4C(=O)c5ccc(C(c6ccc7c(c6)C(=O)N(C)C7=O)(C(F)(F)F)C(F)(F)F)cc5C4=O)cc3)cc2)c(F)c1F,62.1,62.1,62.1
Cc1ccc(Oc2ccc(N3C(=O)C4C5C(=O)N(C)C(=O)C5C4C3=O)cc2)cc1,78.9,78.9,78.9
Cc1ccc(C(=O)Nc2ccc(-c3ccc(NC(=O)c4ccc(N5C(=O)C6C7C(=O)N(C)C(=O)C7C6C5=O)cc4)cc3C(F)(F)F)c(C(F)(F)F)c2)cc1,73.2,73.2,73.2
Cc1ccc(C(=O)Nc2ccc(-c3ccc(NC(=O)c4ccc(N5C(=O)[C@H]6C[C@H]7C(=O)N(C)C(=O)[C@@H]7C[C@@H]6C5=O)cc4)cc3C(F)(F)F)c(C(F)(F)F)c2)cc1,85.2,85.2,85.2
Cc1ccc(C(=O)Nc2ccc(-c3ccc(NC(=O)c4ccc(N5C(=O)[C@@H]6C[C@@H]7C(=O)N(C)C(=O)[C@H]7C[C@H]6C5=O)cc4)cc3C(F)(F)F)c(C(F)(F)F)c2)cc1,85.2,85.2,85.2
Cc1ccc2c(c1)nc(-c1ccc(N3C(=O)c4ccc(C(c5ccc6c(c5)C(=O)N(C)C6=O)(C(F)(F)F)C(F)(F)F)cc4C3=O)cc1C)n2-c1ccccc1,10,10,10
Cc1ccc(-c2nc3cc(N4C(=O)c5ccc(C(c6ccc7c(c6)C(=O)N(C)C7=O)(C(F)(F)F)C(F)(F)F)cc5C4=O)ccc3n2-c2ccccc2)c(C)c1,10,10,10
Cc1ccc(Oc2ccc(N3C(=O)c4ccc(C(=O)Oc5ccc6c(c5)Oc5cc(OC(=O)c7ccc8c(c7)C(=O)N(C)C8=O)ccc5C65c6ccccc6-c6ccccc65)cc4C3=O)cc2)cc1,11.6,11.6,11.6
Cc1ccc(N2C(=O)c3ccc(C(=O)Oc4ccc5c(c4)Oc4cc(OC(=O)c6ccc7c(c6)C(=O)N(C)C7=O)ccc4C54c5ccccc5-c5ccccc54)cc3C2=O)cc1,11.7,11.7,11.7
Cc1ccc(NC(=O)c2ccc(N3C(=O)c4ccc(C(=O)Oc5ccc6c(c5)Oc5cc(OC(=O)c7ccc8c(c7)C(=O)N(C)C8=O)ccc5C65c6ccccc6-c6ccccc65)cc4C3=O)cc2)cc1,6.4,6.4,6.4
Cc1ccc(C(=O)Nc2ccc(N3C(=O)c4ccc(C(=O)Oc5ccc6c(c5)Oc5cc(OC(=O)c7ccc8c(c7)C(=O)N(C)C8=O)ccc5C65c6ccccc6-c6ccccc65)cc4C3=O)cc2)cc1,6.4,6.4,6.4
Cc1ccc(-c2nc3cc(N4C(=O)c5ccc(C(c6ccc7c(c6)C(=O)N(C)C7=O)(C(F)(F)F)C(F)(F)F)cc5C4=O)ccc3n2-c2ccccc2)c(C(F)(F)F)c1,38,38,38
Cc1ccc2c(c1)nc(-c1ccc(N3C(=O)c4ccc(C(c5ccc6c(c5)C(=O)N(C)C6=O)(C(F)(F)F)C(F)(F)F)cc4C3=O)cc1C(F)(F)F)n2-c1ccccc1,38,38,38
Cc1ccc(-c2ccc(N3C(=O)c4ccc(C(=O)Oc5ccc6c(c5)Oc5cc(OC(=O)c7ccc8c(c7)C(=O)N(C)C8=O)ccc5C65c6ccccc6-c6ccccc65)cc4C3=O)cc2C(F)(F)F)c(C(F)(F)F)c1,48.3,48.3,48.3
Cc1ccc(-c2ccc(N3C(=O)c4ccc(C(=O)Oc5ccc(C6(c7ccc(OC(=O)c8ccc9c(c8)C(=O)N(C)C9=O)cc7)c7ccccc7-c7ccccc76)cc5)cc4C3=O)cc2C(F)(F)F)c(C(F)(F)F)c1,55.9,55.9,55.9
Cc1ccc(C(=O)Oc2ccc3c(c2)Oc2cc(OC(=O)c4ccc(N5C(=O)C6C7C(=O)N(C)C(=O)C7C6C5=O)cc4)ccc2C32c3ccccc3-c3ccccc32)cc1,77.4,82.8,79.85
Cc1ccc(C(=O)Oc2ccc(C3(c4ccc(OC(=O)c5ccc(N6C(=O)C7C8C(=O)N(C)C(=O)C8C7C6=O)cc5)cc4)c4ccccc4-c4ccccc43)cc2)cc1,84.4,84.4,84.4
Cc1ccc(Oc2ccc(N3C(=O)c4ccc(C(=O)Oc5ccc6c(c5)Oc5ccc(OC(=O)c7ccc8c(c7)C(=O)N(C)C8=O)cc5C65c6ccccc6-c6ccccc65)cc4C3=O)cc2)cc1,3.1,3.1,3.1
Cc1ccc(Oc2ccc(N3C(=O)c4ccc(C(=O)Oc5ccc6c(c5)C5(c7ccc(OC(=O)c8ccc9c(c8)C(=O)N(C)C9=O)cc7O6)c6ccccc6-c6ccccc65)cc4C3=O)cc2)cc1,3.1,3.1,3.1
Cc1ccc(N2C(=O)c3ccc(C(=O)Oc4ccc5c(c4)Oc4ccc(OC(=O)c6ccc7c(c6)C(=O)N(C)C7=O)cc4C54c5ccccc5-c5ccccc54)cc3C2=O)cc1,1.8,1.8,1.8
Cc1ccc(N2C(=O)c3ccc(C(=O)Oc4ccc5c(c4)C4(c6ccc(OC(=O)c7ccc8c(c7)C(=O)N(C)C8=O)cc6O5)c5ccccc5-c5ccccc54)cc3C2=O)cc1,1.8,1.8,1.8
Cc1ccc(-c2ccc(N3C(=O)c4ccc(C(=O)Oc5ccc6c(c5)C5(c7ccc(OC(=O)c8ccc9c(c8)C(=O)N(C)C9=O)cc7O6)c6ccccc6-c6ccccc65)cc4C3=O)cc2C(F)(F)F)c(C(F)(F)F)c1,28.9,28.9,28.9
Cc1ccc(-c2ccc(N3C(=O)c4ccc(C(=O)Oc5ccc6c(c5)Oc5ccc(OC(=O)c7ccc8c(c7)C(=O)N(C)C8=O)cc5C65c6ccccc6-c6ccccc65)cc4C3=O)cc2C(F)(F)F)c(C(F)(F)F)c1,28.9,28.9,28.9
Cc1ccc(-c2nc3cc(N4C(=O)C5CC6C(=O)N(C)C(=O)C6CC5C4=O)ccc3n2-c2ccccc2)c(C)c1,80,80,80
Cc1ccc2c(c1)nc(-c1ccc(N3C(=O)C4CC5C(=O)N(C)C(=O)C5CC4C3=O)cc1C)n2-c1ccccc1,80,80,80
Cc1ccc(C(c2ccc(-n3c(=O)c4cc5c(=O)n(C)c(=O)c5cc4c3=O)c(C(C)(C)C)c2)C2CCCCC2)cc1C(C)(C)C,50,87,68.5
Cc1ccc(C(c2ccc(N3C(=O)c4ccc(C(=O)c5ccc6c(c5)C(=O)N(C)C6=O)cc4C3=O)c(C(C)(C)C)c2)C2CCCCC2)cc1C(C)(C)C,62,86,74
Cc1ccc(C(c2ccc(N3C(=O)c4ccc(-c5ccc6c(c5)C(=O)N(C)C6=O)cc4C3=O)c(C(C)(C)C)c2)C2CCCCC2)cc1C(C)(C)C,76,86,81
Cc1ccc(C(c2ccc(N3C(=O)c4ccc(Oc5ccc6c(c5)C(=O)N(C)C6=O)cc4C3=O)c(C(C)(C)C)c2)C2CCCCC2)cc1C(C)(C)C,79,88,83.5
Cc1ccc(C(c2ccc(N3C(=O)c4ccc(C(c5ccc6c(c5)C(=O)N(C)C6=O)(C(F)(F)F)C(F)(F)F)cc4C3=O)c(C(C)(C)C)c2)C2CCCCC2)cc1C(C)(C)C,86,90,88
Cc1ccc2c(c1)nc(-c1ccc(N3C(=O)C4CC5C(=O)N(C)C(=O)C5CC4C3=O)cc1C(F)(F)F)n2-c1ccccc1,81,81,81
Cc1ccc(-c2nc3cc(N4C(=O)C5CC6C(=O)N(C)C(=O)C6CC5C4=O)ccc3n2-c2ccccc2)c(C(F)(F)F)c1,81,81,81
Cc1cccc(Oc2ccc(S(=O)(=O)c3ccc(Oc4cccc(N5C(=O)c6ccc(C(c7ccc8c(c7)C(=O)N(C)C8=O)(C(F)(F)F)C(F)(F)F)cc6C5=O)c4)cc3)cc2)c1,74,74,74
Cc1ccc(Oc2ccc(N3C(=O)C4CC(C5CC(=O)N(C)C5=O)c5ccccc5C4C3=O)cc2)cc1,85,85,85
Cc1ccc(Oc2ccc(N3C(=O)CC(C4CC5C(=O)N(C)C(=O)C5c5ccccc54)C3=O)cc2)cc1,85,85,85
Cc1ccc(Oc2ccc(Oc3ccc(N4C(=O)CC(C5CC6C(=O)N(C)C(=O)C6c6ccccc65)C4=O)cc3)cc2)cc1,71,71,71
Cc1ccc(Oc2ccc(Oc3ccc(N4C(=O)C5CC(C6CC(=O)N(C)C6=O)c6ccccc6C5C4=O)cc3)cc2)cc1,71,71,71
Cc1ccc(Oc2ccc(C(C)(C)c3ccc(Oc4ccc(N5C(=O)CC(C6CC7C(=O)N(C)C(=O)C7c7ccccc76)C5=O)cc4)cc3)cc2)cc1,87,87,87
Cc1ccc(Oc2ccc(C(C)(C)c3ccc(Oc4ccc(N5C(=O)C6CC(C7CC(=O)N(C)C7=O)c7ccccc7C6C5=O)cc4)cc3)cc2)cc1,87,87,87
Cc1ccc(Oc2ccc(C(c3ccc(Oc4ccc(N5C(=O)C6CC(C7CC(=O)N(C)C7=O)c7ccccc7C6C5=O)cc4)cc3)(C(F)(F)F)C(F)(F)F)cc2)cc1,84,84,84
Cc1ccc(Oc2ccc(C(c3ccc(Oc4ccc(N5C(=O)CC(C6CC7C(=O)N(C)C(=O)C7c7ccccc76)C5=O)cc4)cc3)(C(F)(F)F)C(F)(F)F)cc2)cc1,84,84,84
Cc1ccc(Oc2ccc(N3C(=O)CC(C4CC5C(=O)N(C)C(=O)C5c5cc(C)ccc54)C3=O)cc2)cc1,85,85,85
Cc1ccc(Oc2ccc(N3C(=O)C4CC(C5CC(=O)N(C)C5=O)c5ccc(C)cc5C4C3=O)cc2)cc1,85,85,85
Cc1ccc(Oc2ccc(Oc3ccc(N4C(=O)C5CC(C6CC(=O)N(C)C6=O)c6ccc(C)cc6C5C4=O)cc3)cc2)cc1,87,87,87
Cc1ccc(Oc2ccc(Oc3ccc(N4C(=O)CC(C5CC6C(=O)N(C)C(=O)C6c6cc(C)ccc65)C4=O)cc3)cc2)cc1,87,87,87
Cc1ccc(Oc2ccc(C(C)(C)c3ccc(Oc4ccc(N5C(=O)C6CC(C7CC(=O)N(C)C7=O)c7ccc(C)cc7C6C5=O)cc4)cc3)cc2)cc1,80,80,80
Cc1ccc(Oc2ccc(C(C)(C)c3ccc(Oc4ccc(N5C(=O)CC(C6CC7C(=O)N(C)C(=O)C7c7cc(C)ccc76)C5=O)cc4)cc3)cc2)cc1,80,80,80
Cc1ccc(Oc2ccc(C(c3ccc(Oc4ccc(N5C(=O)CC(C6CC7C(=O)N(C)C(=O)C7c7cc(C)ccc76)C5=O)cc4)cc3)(C(F)(F)F)C(F)(F)F)cc2)cc1,89,89,89
Cc1ccc(Oc2ccc(C(c3ccc(Oc4ccc(N5C(=O)C6CC(C7CC(=O)N(C)C7=O)c7ccc(C)cc7C6C5=O)cc4)cc3)(C(F)(F)F)C(F)(F)F)cc2)cc1,89,89,89
Cc1cccc(Oc2ccc(S(=O)(=O)c3ccc(Oc4cccc(N5C(=O)c6ccc(Oc7ccc(C(C)(C)c8ccc(Oc9ccc%10c(c9)C(=O)N(C)C%10=O)cc8)cc7)cc6C5=O)c4)cc3)cc2)c1,75,75,75
Cc1ccc(Oc2ccc(-c3nc(-c4ccccc4)c(-c4ccccc4)n3-c3ccc(Oc4ccc(-n5c(=O)c6cc7c(=O)n(C)c(=O)c7cc6c5=O)cc4C(F)(F)F)cc3)cc2)c(C(F)(F)F)c1,11,11,11
Cc1ccc(Oc2ccc(-n3c(-c4ccc(Oc5ccc(-n6c(=O)c7cc8c(=O)n(C)c(=O)c8cc7c6=O)cc5C(F)(F)F)cc4)nc(-c4ccccc4)c3-c3ccccc3)cc2)c(C(F)(F)F)c1,11,11,11
Cc1ccc(Oc2ccc(-n3c(-c4ccc(Oc5ccc(N6C(=O)c7ccc(C(c8ccc9c(c8)C(=O)N(C)C9=O)(C(F)(F)F)C(F)(F)F)cc7C6=O)cc5C(F)(F)F)cc4)nc(-c4ccccc4)c3-c3ccccc3)cc2)c(C(F)(F)F)c1,26,26,26
Cc1ccc(Oc2ccc(-c3nc(-c4ccccc4)c(-c4ccccc4)n3-c3ccc(Oc4ccc(N5C(=O)c6ccc(C(c7ccc8c(c7)C(=O)N(C)C8=O)(C(F)(F)F)C(F)(F)F)cc6C5=O)cc4C(F)(F)F)cc3)cc2)c(C(F)(F)F)c1,26,26,26
Cc1ccc(Oc2ccc(-n3c(-c4ccc(Oc5ccc(N6C(=O)c7ccc(Oc8ccc9c(c8)C(=O)N(C)C9=O)cc7C6=O)cc5C(F)(F)F)cc4)nc(-c4ccccc4)c3-c3ccccc3)cc2)c(C(F)(F)F)c1,16,16,16
Cc1ccc(Oc2ccc(-c3nc(-c4ccccc4)c(-c4ccccc4)n3-c3ccc(Oc4ccc(N5C(=O)c6ccc(Oc7ccc8c(c7)C(=O)N(C)C8=O)cc6C5=O)cc4C(F)(F)F)cc3)cc2)c(C(F)(F)F)c1,16,16,16
Cc1ccc(Oc2ccc(-n3c(-c4ccc(Oc5ccc(N6C(=O)c7ccc(-c8ccc9c(c8)C(=O)N(C)C9=O)cc7C6=O)cc5C(F)(F)F)cc4)nc(-c4ccccc4)c3-c3ccccc3)cc2)c(C(F)(F)F)c1,16,16,16
Cc1ccc(Oc2ccc(-c3nc(-c4ccccc4)c(-c4ccccc4)n3-c3ccc(Oc4ccc(N5C(=O)c6ccc(-c7ccc8c(c7)C(=O)N(C)C8=O)cc6C5=O)cc4C(F)(F)F)cc3)cc2)c(C(F)(F)F)c1,16,16,16
Cc1ccc(Oc2ccc(-c3nc(-c4ccccc4)c(-c4ccccc4)n3-c3ccc(Oc4ccc(N5C(=O)c6ccc(C(=O)c7ccc8c(c7)C(=O)N(C)C8=O)cc6C5=O)cc4C(F)(F)F)cc3)cc2)c(C(F)(F)F)c1,18,18,18
Cc1ccc(Oc2ccc(-n3c(-c4ccc(Oc5ccc(N6C(=O)c7ccc(C(=O)c8ccc9c(c8)C(=O)N(C)C9=O)cc7C6=O)cc5C(F)(F)F)cc4)nc(-c4ccccc4)c3-c3ccccc3)cc2)c(C(F)(F)F)c1,18,18,18
Cc1cccc(Oc2ccc(S(=O)(=O)c3ccc(Oc4cccc(N5C(=O)C6CC7C(=O)N(C)C(=O)C7CC6C5=O)c4)cc3)cc2)c1,79,79,79
Cc1cccc(S(=O)(=O)c2cccc(N3C(=O)c4ccc(C(c5ccc6c(c5)C(=O)N(C)C6=O)(C(F)(F)F)C(F)(F)F)cc4C3=O)c2)c1,83,83,83
Cc1ccc(Oc2ccc(Oc3ccc(-n4c(=O)c5cc6c(=O)n(C)c(=O)c6cc5c4=O)c(C(F)(F)F)c3)cc2P(=O)(c2ccccc2)c2ccccc2)cc1C(F)(F)F,86,86,86
Cc1ccc(Oc2ccc(Oc3ccc(-n4c(=O)c5cc6c(=O)n(C)c(=O)c6cc5c4=O)c(C(F)(F)F)c3)c(P(=O)(c3ccccc3)c3ccccc3)c2)cc1C(F)(F)F,86,86,86
Cc1ccc(Oc2ccc(Oc3ccc(N4C(=O)c5ccc(C(c6ccc7c(c6)C(=O)N(C)C7=O)(C(F)(F)F)C(F)(F)F)cc5C4=O)c(C(F)(F)F)c3)c(P(=O)(c3ccccc3)c3ccccc3)c2)cc1C(F)(F)F,92,92,92
Cc1ccc(Oc2ccc(Oc3ccc(N4C(=O)c5ccc(C(c6ccc7c(c6)C(=O)N(C)C7=O)(C(F)(F)F)C(F)(F)F)cc5C4=O)c(C(F)(F)F)c3)cc2P(=O)(c2ccccc2)c2ccccc2)cc1C(F)(F)F,92,92,92
Cc1ccc(Oc2ccc(Oc3ccc(N4C(=O)c5ccc(C(=O)c6ccc7c(c6)C(=O)N(C)C7=O)cc5C4=O)c(C(F)(F)F)c3)c(P(=O)(c3ccccc3)c3ccccc3)c2)cc1C(F)(F)F,87,87,87
Cc1ccc(Oc2ccc(Oc3ccc(N4C(=O)c5ccc(C(=O)c6ccc7c(c6)C(=O)N(C)C7=O)cc5C4=O)c(C(F)(F)F)c3)cc2P(=O)(c2ccccc2)c2ccccc2)cc1C(F)(F)F,87,87,87
Cc1ccc(Oc2ccc(Oc3ccc(N4C(=O)c5ccc(-c6ccc7c(c6)C(=O)N(C)C7=O)cc5C4=O)c(C(F)(F)F)c3)c(P(=O)(c3ccccc3)c3ccccc3)c2)cc1C(F)(F)F,88,88,88
Cc1ccc(Oc2ccc(Oc3ccc(N4C(=O)c5ccc(-c6ccc7c(c6)C(=O)N(C)C7=O)cc5C4=O)c(C(F)(F)F)c3)cc2P(=O)(c2ccccc2)c2ccccc2)cc1C(F)(F)F,88,88,88
Cc1ccc(Oc2ccc(Oc3ccc(N4C(=O)c5ccc(Oc6ccc7c(c6)C(=O)N(C)C7=O)cc5C4=O)c(C(F)(F)F)c3)c(P(=O)(c3ccccc3)c3ccccc3)c2)cc1C(F)(F)F,86,86,86
Cc1ccc(Oc2ccc(Oc3ccc(N4C(=O)c5ccc(Oc6ccc7c(c6)C(=O)N(C)C7=O)cc5C4=O)c(C(F)(F)F)c3)cc2P(=O)(c2ccccc2)c2ccccc2)cc1C(F)(F)F,86,86,86
Cc1cccc(S(=O)(=O)c2cccc(N3C(=O)c4ccc(Oc5ccc(C(C)(C)c6ccc(Oc7ccc8c(c7)C(=O)N(C)C8=O)cc6)cc5)cc4C3=O)c2)c1,72,72,72
Cc1ccc(Oc2ccc(C(C)(C)c3ccc(Oc4ccc(N5C(=O)C6CCC(C7CCC8C(=O)N(C)C(=O)C8C7)CC6C5=O)cc4)cc3)cc2)cc1,84.7,84.7,84.7
Cc1ccc(Oc2ccc(C(c3ccc(Oc4ccc(N5C(=O)C6CCC(C7CCC8C(=O)N(C)C(=O)C8C7)CC6C5=O)cc4)cc3)(C(F)(F)F)C(F)(F)F)cc2)cc1,87,87,87
Cc1ccc(Oc2ccc(C3(c4ccc(Oc5ccc(N6C(=O)C7CCC(C8CCC9C(=O)N(C)C(=O)C9C8)CC7C6=O)cc5)cc4)c4ccccc4-c4ccccc43)cc2)cc1,86.4,86.4,86.4
Cc1ccc(Oc2ccc(N3C(=O)[C@H]4[C@H]5C=C[C@H]([C@@H]6C(=O)N(C)C(=O)[C@H]56)[C@H]4C3=O)cc2)cc1,85,85,85
Cc1ccc(-c2ccc(N3C(=O)[C@H]4[C@H]5C=C[C@H]([C@@H]6C(=O)N(C)C(=O)[C@H]56)[C@H]4C3=O)cc2C(F)(F)F)c(C(F)(F)F)c1,87,87,87
CC1=C[C@@H]2[C@@H]3C(=O)N(C)C(=O)[C@@H]3[C@H]1[C@@H]1C(=O)N(c3ccc(Oc4ccc(C)cc4)cc3)C(=O)[C@@H]12,86,86,86
CC1=C[C@@H]2[C@@H]3C(=O)N(c4ccc(Oc5ccc(C)cc5)cc4)C(=O)[C@@H]3[C@H]1[C@@H]1C(=O)N(C)C(=O)[C@H]21,86,86,86
CC1=C[C@@H]2[C@@H]3C(=O)N(c4ccc(-c5ccc(C)cc5C(F)(F)F)c(C(F)(F)F)c4)C(=O)[C@@H]3[C@H]1[C@@H]1C(=O)N(C)C(=O)[C@H]21,88,88,88
CC1=C[C@@H]2[C@@H]3C(=O)N(C)C(=O)[C@@H]3[C@H]1[C@@H]1C(=O)N(c3ccc(-c4ccc(C)cc4C(F)(F)F)c(C(F)(F)F)c3)C(=O)[C@@H]12,88,88,88
CC1=C(C)[C@@H]2[C@@H]3C(=O)N(C)C(=O)[C@@H]3[C@H]1[C@@H]1C(=O)N(c3ccc(Oc4ccc(C)cc4)cc3)C(=O)[C@@H]12,88,88,88
CC1=C(C)[C@@H]2[C@@H]3C(=O)N(C)C(=O)[C@@H]3[C@H]1[C@@H]1C(=O)N(c3ccc(-c4ccc(C)cc4C(F)(F)F)c(C(F)(F)F)c3)C(=O)[C@@H]12,86,86,86
Cc1ccc(-c2ccc(N3C(=O)c4ccc(O[C@H]5CC[C@H](Oc6ccc7c(c6)C(=O)N(C)C7=O)CC5)cc4C3=O)cc2C(F)(F)F)c(C(F)(F)F)c1,71,71,71
Cc1ccc(Oc2ccc(N3C(=O)c4ccc(O[C@H]5CC[C@H](Oc6ccc7c(c6)C(=O)N(C)C7=O)CC5)cc4C3=O)cc2C(F)(F)F)c(C(F)(F)F)c1,52,52,52
Cc1cccc(Oc2ccc(S(=O)(=O)c3ccc(Oc4cccc(N5C(=O)c6ccc(O[C@H]7CC[C@H](Oc8ccc9c(c8)C(=O)N(C)C9=O)CC7)cc6C5=O)c4)cc3)cc2)c1,69,69,69
Cc1ccc(-c2ccc(N3C(=O)c4ccc(O[C@H]5CC[C@@H](Oc6ccc7c(c6)C(=O)N(C)C7=O)CC5)cc4C3=O)cc2C(F)(F)F)c(C(F)(F)F)c1,62,62,62
Cc1ccc(Oc2ccc(N3C(=O)c4ccc(O[C@H]5CC[C@@H](Oc6ccc7c(c6)C(=O)N(C)C7=O)CC5)cc4C3=O)cc2C(F)(F)F)c(C(F)(F)F)c1,57,57,57
Cc1cccc(Oc2ccc(S(=O)(=O)c3ccc(Oc4cccc(N5C(=O)c6ccc(O[C@H]7CC[C@@H](Oc8ccc9c(c8)C(=O)N(C)C9=O)CC7)cc6C5=O)c4)cc3)cc2)c1,60,60,60
Cc1cc(C(F)(F)F)c(Oc2ccc(-n3c(=O)c4cc5c(=O)n(C)c(=O)c5cc4c3=O)cc2)c(C(F)(F)F)c1,3,3,3
Cc1ccc(Oc2c(C(F)(F)F)cc(-n3c(=O)c4cc5c(=O)n(C)c(=O)c5cc4c3=O)cc2C(F)(F)F)cc1,3,3,3
Cc1cc(C(F)(F)F)c(Oc2ccc(N3C(=O)c4ccc(-c5ccc6c(c5)C(=O)N(C)C6=O)cc4C3=O)cc2)c(C(F)(F)F)c1,6,6,6
Cc1ccc(Oc2c(C(F)(F)F)cc(N3C(=O)c4ccc(-c5ccc6c(c5)C(=O)N(C)C6=O)cc4C3=O)cc2C(F)(F)F)cc1,6,6,6
Cc1ccc(Oc2c(C(F)(F)F)cc(N3C(=O)c4ccc(C(=O)c5ccc6c(c5)C(=O)N(C)C6=O)cc4C3=O)cc2C(F)(F)F)cc1,4,4,4
Cc1cc(C(F)(F)F)c(Oc2ccc(N3C(=O)c4ccc(C(=O)c5ccc6c(c5)C(=O)N(C)C6=O)cc4C3=O)cc2)c(C(F)(F)F)c1,4,4,4
Cc1cc(C(F)(F)F)c(Oc2ccc(N3C(=O)c4ccc(Oc5ccc6c(c5)C(=O)N(C)C6=O)cc4C3=O)cc2)c(C(F)(F)F)c1,61,61,61
Cc1ccc(Oc2c(C(F)(F)F)cc(N3C(=O)c4ccc(Oc5ccc6c(c5)C(=O)N(C)C6=O)cc4C3=O)cc2C(F)(F)F)cc1,61,61,61
Cc1cc(C(F)(F)F)c(Oc2ccc(N3C(=O)c4ccc(C(c5ccc6c(c5)C(=O)N(C)C6=O)(C(F)(F)F)C(F)(F)F)cc4C3=O)cc2)c(C(F)(F)F)c1,57,57,57
Cc1ccc(Oc2c(C(F)(F)F)cc(N3C(=O)c4ccc(C(c5ccc6c(c5)C(=O)N(C)C6=O)(C(F)(F)F)C(F)(F)F)cc4C3=O)cc2C(F)(F)F)cc1,57,57,57
Cc1ccc(-c2ccc(N3C(=O)c4ccc(Oc5ccc(C6(c7ccc(Oc8ccc9c(c8)C(=O)N(C)C9=O)cc7)c7ccccc7-c7ccccc76)cc5)cc4C3=O)cc2C(F)(F)F)c(C(F)(F)F)c1,62,62,62
Cc1ccc(-c2ccc(N3C(=O)c4ccc(Oc5ccc(C6(c7ccc(Oc8ccc9c(c8)C(=O)N(C)C9=O)cc7)OC(=O)c7ccccc76)cc5)cc4C3=O)cc2C(F)(F)F)c(C(F)(F)F)c1,75,75,75
Cc1ccc(Oc2ccc(N3C(=O)c4ccc(Oc5ccc(C6(c7ccc(Oc8ccc9c(c8)C(=O)N(C)C9=O)cc7)c7ccccc7-c7ccccc76)cc5)cc4C3=O)cc2)cc1,31,31,31
Cc1ccc(Oc2ccc(N3C(=O)c4ccc(Oc5ccc(C6(c7ccc(Oc8ccc9c(c8)C(=O)N(C)C9=O)cc7)OC(=O)c7ccccc76)cc5)cc4C3=O)cc2)cc1,44,44,44
Cc1cc(C(c2ccncc2)c2cc(C)c(-n3c(=O)c4cc5c(=O)n(C)c(=O)c5cc4c3=O)c(C)c2)cc(C)c1C,36.4,36.4,36.4
Cc1cc(C(c2ccncc2)c2cc(C)c(N3C(=O)c4ccc(-c5ccc6c(c5)C(=O)N(C)C6=O)cc4C3=O)c(C)c2)cc(C)c1C,70.4,70.4,70.4
Cc1cc(C(c2ccncc2)c2cc(C)c(N3C(=O)c4ccc(Oc5ccc6c(c5)C(=O)N(C)C6=O)cc4C3=O)c(C)c2)cc(C)c1C,73.8,73.8,73.8
Cc1cc(C(c2ccncc2)c2cc(C)c(N3C(=O)c4ccc(C(c5ccc6c(c5)C(=O)N(C)C6=O)(C(F)(F)F)C(F)(F)F)cc4C3=O)c(C)c2)cc(C)c1C,84.7,84.7,84.7
Cc1ccc(C(c2ccc(-n3c(=O)c4cc5c(=O)n(C)c(=O)c5cc4c3=O)c(C)c2)C2CCCCC2)cc1C,26,26,26
Cc1cccc(Oc2ccc(N3C(=O)C4C5CC(C4C3=O)C3(CCC4(CC6CC4C4C(=O)N(C)C(=O)C64)C3=O)C5)cc2)c1,85,85,85
Cc1ccc(Oc2cccc(N3C(=O)C4C5CC(C4C3=O)C3(CCC4(CC6CC4C4C(=O)N(C)C(=O)C64)C3=O)C5)c2)cc1,85,85,85
Cc1ccc(C(c2ccc(N3C(=O)c4ccc(C(c5ccc6c(c5)C(=O)N(C)C6=O)(C(F)(F)F)C(F)(F)F)cc4C3=O)c(C)c2)C2CCCCC2)cc1C,78,78,78
Cc1ccc(C(c2ccc(N3C(=O)c4ccc(Oc5ccc6c(c5)C(=O)N(C)C6=O)cc4C3=O)c(C)c2)C2CCCCC2)cc1C,74,74,74
Cc1ccc(C(c2ccc(N3C(=O)c4ccc(-c5ccc6c(c5)C(=O)N(C)C6=O)cc4C3=O)c(C)c2)C2CCCCC2)cc1C,54,54,54
Cc1ccc(C(c2ccc(N3C(=O)c4ccc(C(=O)c5ccc6c(c5)C(=O)N(C)C6=O)cc4C3=O)c(C)c2)C2CCCCC2)cc1C,40,40,40
Cc1ccc(C(=O)Nc2ccc(N3C(=O)C4CC5C(=O)N(C)C(=O)C5CC4C3=O)cc2C)cc1,82.3,82.3,82.3
Cc1ccc(NC(=O)c2ccc(N3C(=O)C4CC5C(=O)N(C)C(=O)C5CC4C3=O)cc2)c(C)c1,82.3,82.3,82.3
Cc1ccc(NC(=O)c2ccc(N3C(=O)C4CC5C(=O)N(C)C(=O)C5CC4C3=O)cc2)c(Cl)c1,46.2,46.2,46.2
Cc1ccc(C(=O)Nc2ccc(N3C(=O)C4CC5C(=O)N(C)C(=O)C5CC4C3=O)cc2Cl)cc1,46.2,46.2,46.2
Cc1ccc(NC(=O)c2ccc(N3C(=O)C4CCC(C5CCC6C(=O)N(C)C(=O)C6C5)CC4C3=O)cc2)c(C)c1,85.8,85.8,85.8
Cc1ccc(C(=O)Nc2ccc(N3C(=O)C4CCC(C5CCC6C(=O)N(C)C(=O)C6C5)CC4C3=O)cc2C)cc1,85.8,85.8,85.8
Cc1ccc(C(=O)Nc2ccc(N3C(=O)C4CCC(C5CCC6C(=O)N(C)C(=O)C6C5)CC4C3=O)cc2Cl)cc1,44.7,44.7,44.7
Cc1ccc(NC(=O)c2ccc(N3C(=O)C4CCC(C5CCC6C(=O)N(C)C(=O)C6C5)CC4C3=O)cc2)c(Cl)c1,44.7,44.7,44.7
Cc1ccc(Oc2ccc(N3C(=O)C4C5CC(C4C3=O)C3(CCC4(CC6CC4C4C(=O)N(C)C(=O)C64)C3=O)C5)cc2)cc1,86,86,86
Cc1ccc(-c2ccc(N3C(=O)c4ccc(C(=O)Oc5ccc(-c6ccc(OC(=O)c7ccc8c(c7)C(=O)N(C)C8=O)cc6)cc5)cc4C3=O)cc2C(F)(F)F)c(C(F)(F)F)c1,21.5,21.5,21.5
Cc1ccc(NC(=O)c2ccc(N3C(=O)C4C5CC(C4C3=O)C3(CCC4(CC6CC4C4C(=O)N(C)C(=O)C64)C3=O)C5)cc2)cc1,84,84,84
Cc1ccc(C(=O)Nc2ccc(N3C(=O)C4C5CC(C4C3=O)C3(CCC4(CC6CC4C4C(=O)N(C)C(=O)C64)C3=O)C5)cc2)cc1,84,84,84
Cc1ccc(-c2ccc(N3C(=O)c4ccc(C(=O)Oc5ccc(-c6ccc(OC(=O)c7ccc8c(c7)C(=O)N(C)C8=O)c(C)c6C)c(C)c5C)cc4C3=O)cc2C(F)(F)F)c(C(F)(F)F)c1,49.4,49.4,49.4
Cc1ccc(-c2ccc(N3C(=O)c4ccc(C(=O)Oc5c(C)cc(-c6cc(C)c(OC(=O)c7ccc8c(c7)C(=O)N(C)C8=O)c(C)c6)cc5C)cc4C3=O)cc2C(F)(F)F)c(C(F)(F)F)c1,51.1,51.1,51.1
Cc1ccc(-c2ccc(N3C(=O)c4ccc(C(=O)Oc5c(C)cc(-c6cc(C)c(OC(=O)c7ccc8c(c7)C(=O)N(C)C8=O)c(C)c6C)c(C)c5C)cc4C3=O)cc2C(F)(F)F)c(C(F)(F)F)c1,71.5,71.5,71.5
CC1CCC(N2C(=O)c3ccc(Oc4ccc5c(c4)C(=O)N(C)C5=O)cc3C2=O)CC1,80.7,80.7,80.7
CC1CCC(N2C(=O)c3ccc(S(=O)(=O)c4ccc5c(c4)C(=O)N(C)C5=O)cc3C2=O)CC1,64.4,64.4,64.4
CC1CCC(N2C(=O)c3ccc(C(c4ccc5c(c4)C(=O)N(C)C5=O)(C(F)(F)F)C(F)(F)F)cc3C2=O)CC1,88,88,88
CC1CCC(N2C(=O)c3ccc(Oc4ccc(C(C)(C)c5ccc(Oc6ccc7c(c6)C(=O)N(C)C7=O)cc5)cc4)cc3C2=O)CC1,79,79,79
CC1CCC(N2C(=O)c3ccc(Oc4ccc(Oc5ccc6c(c5)C(=O)N(C)C6=O)cc4)cc3C2=O)CC1,69.7,69.7,69.7
CC1CCC(CC2CCC(N3C(=O)c4ccc(Oc5ccc6c(c5)C(=O)N(C)C6=O)cc4C3=O)CC2)CC1,71,71,71
CC1CCC(CC2CCC(N3C(=O)c4ccc(S(=O)(=O)c5ccc6c(c5)C(=O)N(C)C6=O)cc4C3=O)CC2)CC1,77,77,77
CC1CCC(CC2CCC(N3C(=O)c4ccc(C(c5ccc6c(c5)C(=O)N(C)C6=O)(C(F)(F)F)C(F)(F)F)cc4C3=O)CC2)CC1,78.9,78.9,78.9
CC1CCC(CC2CCC(N3C(=O)c4ccc(Oc5ccc(Oc6ccc7c(c6)C(=O)N(C)C7=O)cc5)cc4C3=O)CC2)CC1,71.7,71.7,71.7
CC1CCC(CC2CCC(N3C(=O)c4ccc(-c5ccc6c(c5)C(=O)N(C)C6=O)cc4C3=O)CC2)CC1,63.5,63.5,63.5
CC1CCC(CC2CCC(N3C(=O)c4ccc(C(=O)Oc5ccc(OC(=O)c6ccc7c(c6)C(=O)N(C)C7=O)cc5)cc4C3=O)CC2)CC1,51.9,51.9,51.9
CCC1CC2CC1CC2CN1C(=O)c2ccc(Oc3ccc(Oc4ccc5c(c4)C(=O)N(C)C5=O)cc3)cc2C1=O,72.4,72.4,72.4
CC1CCC(CC2CCC(N3C(=O)c4ccc(Oc5ccc(Oc6ccc7c(c6)C(=O)N(C)C7=O)cc5)cc4C3=O)C(C)C2)CC1C,67,67,67
Cc1ccc(-c2ccc(N3C(=O)C4C5CC(C4C3=O)C3(CCC4(CC6CC4C4C(=O)N(C)C(=O)C64)C3=O)C5)cc2C)c(C)c1,89,89,89
Cc1ccc(Oc2ccc(N3C(=O)[C@H]4C5CCC([C@@H]6C(=O)N(C)C(=O)[C@H]56)[C@H]4C3=O)cc2)cc1,72.2,72.2,72.2
Cc1cccc(Oc2ccc(N3C(=O)[C@H]4C5CCC([C@@H]6C(=O)N(C)C(=O)[C@H]56)[C@H]4C3=O)cc2)c1,83.7,83.7,83.7
Cc1ccc(Oc2cccc(N3C(=O)[C@H]4C5CCC([C@@H]6C(=O)N(C)C(=O)[C@H]56)[C@H]4C3=O)c2)cc1,83.7,83.7,83.7
Cc1ccc(Oc2ccc(N3C(=O)[C@H]4C5CCC([C@@H]6C(=O)N(C)C(=O)[C@H]56)[C@H]4C3=O)cc2C(F)(F)F)c(C(F)(F)F)c1,84.2,84.2,84.2
Cc1ccc(-c2ccc(N3C(=O)[C@H]4C5CCC([C@@H]6C(=O)N(C)C(=O)[C@H]56)[C@H]4C3=O)cc2C(F)(F)F)c(C(F)(F)F)c1,88.1,88.1,88.1
Cc1ccc(Oc2ccc(Oc3ccc(N4C(=O)[C@H]5C6CCC([C@@H]7C(=O)N(C)C(=O)[C@H]67)[C@H]5C4=O)cc3)cc2)cc1,85.5,85.5,85.5
Cc1ccc(Oc2cccc(Oc3ccc(N4C(=O)[C@H]5C6CCC([C@@H]7C(=O)N(C)C(=O)[C@H]67)[C@H]5C4=O)cc3)c2)cc1,37.5,37.5,37.5
Cc1ccc(Oc2ccc(C(C)(C)c3ccc(Oc4ccc(N5C(=O)[C@H]6C7CCC([C@@H]8C(=O)N(C)C(=O)[C@H]78)[C@H]6C5=O)cc4)cc3)cc2)cc1,83.6,83.6,83.6
Cc1ccc(Oc2ccc(S(=O)(=O)c3ccc(Oc4ccc(N5C(=O)[C@H]6C7CCC([C@@H]8C(=O)N(C)C(=O)[C@H]78)[C@H]6C5=O)cc4)cc3)cc2)cc1,82.3,82.3,82.3
Cc1ccc(-c2ccc(N3C(=O)C4Cc5cc6c(cc5CC4C3=O)CC3C(=O)N(C)C(=O)C3C6)cc2C(F)(F)F)c(C(F)(F)F)c1,74,74,74
Cc1ccc(C2(c3ccc(N4C(=O)C5Cc6cc7c(cc6CC5C4=O)CC4C(=O)N(C)C(=O)C4C7)cc3)c3ccccc3-c3ccccc32)cc1,72,72,72
Cc1ccc(Oc2ccc(N3C(=O)c4ccc(C(=O)OC5CCC(OC(=O)c6ccc7c(c6)C(=O)N(C)C7=O)CC5)cc4C3=O)cc2C(F)(F)F)c(C(F)(F)F)c1,53,53,53
Cc1cccc(Oc2cccc(Oc3cccc(N4C(=O)c5ccc(C(=O)OC6CCC(OC(=O)c7ccc8c(c7)C(=O)N(C)C8=O)CC6)cc5C4=O)c3)c2)c1,55,55,55
Cc1cccc(Oc2ccc(S(=O)(=O)c3ccc(Oc4cccc(N5C(=O)c6ccc(C(=O)OC7CCC(OC(=O)c8ccc9c(c8)C(=O)N(C)C9=O)CC7)cc6C5=O)c4)cc3)cc2)c1,66,66,66
Cc1ccc(Oc2ccc(S(=O)(=O)c3ccc(Oc4ccc(N5C(=O)c6ccc(C(=O)OC7CCC(OC(=O)c8ccc9c(c8)C(=O)N(C)C9=O)CC7)cc6C5=O)cc4C(F)(F)F)cc3)cc2)c(C(F)(F)F)c1,62,62,62
Cc1ccc(Oc2ccc(C(C)(C)c3ccc(Oc4ccc(N5C(=O)c6ccc(C(=O)OC7CCC(OC(=O)c8ccc9c(c8)C(=O)N(C)C9=O)CC7)cc6C5=O)cc4)cc3)cc2)cc1,27,27,27
Cc1ccc(Oc2ccc(-c3ccc(Oc4ccc(N5C(=O)c6ccc(C(c7ccc8c(c7)C(=O)N(C)C8=O)(C(F)(F)F)C(F)(F)F)cc6C5=O)c(C)n4)cc3)cc2)nc1C,81,81,81
Cc1cnc(Oc2ccc(-c3ccc(Oc4ncc(N5C(=O)c6ccc(C(c7ccc8c(c7)C(=O)N(C)C8=O)(C(F)(F)F)C(F)(F)F)cc6C5=O)cc4C)cc3)cc2)c(C)c1,39,39,39
Cc1ccc(-c2ccc(N3C(=O)c4cccc(-c5cccc6c5C(=O)N(C)C6=O)c4C3=O)cc2C(F)(F)F)c(C(F)(F)F)c1,89.2,89.2,89.2
Cc1cnc(Oc2ccc(-c3ccc(Oc4cc(C)c(N5C(=O)c6ccc(C(c7ccc8c(c7)C(=O)N(C)C8=O)(C(F)(F)F)C(F)(F)F)cc6C5=O)cn4)cc3)cc2)cc1C,82,82,82
Cc1ccc(Oc2ccc(N3C(=O)c4cccc(-c5cccc6c5C(=O)N(C)C6=O)c4C3=O)cc2C(F)(F)F)c(C(F)(F)F)c1,87.1,87.1,87.1
Cc1ccc(Oc2ccc(Oc3ccc(N4C(=O)c5cccc(-c6cccc7c6C(=O)N(C)C7=O)c5C4=O)cc3C(F)(F)F)cc2)c(C(F)(F)F)c1,86.7,86.7,86.7
Cc1ccc(Oc2ccc(N3C(=O)c4ccc(C(c5ccc6c(c5)C(=O)N(C)C6=O)(C(F)(F)F)C(F)(F)F)cc4C3=O)cc2)cc1,40.1,40.1,40.1
Cc1ccc(-c2ccc(N3C(=O)c4ccc(Oc5ccc6c(c5)C(=O)N(C)C6=O)cc4C3=O)cc2C(F)(F)F)c(C(F)(F)F)c1,54.4,54.4,54.4
Cc1ccc(C(c2ccc(N3C(=O)c4ccc(Oc5ccc6c(c5)C(=O)N(C)C6=O)cc4C3=O)cc2)c2cccc3ccccc23)cc1,41,83,68
Cc1cc(C(c2cc(C)c(N3C(=O)c4ccc(-c5ccc6c(c5)C(=O)N(C)C6=O)cc4C3=O)c(C)c2)c2cccc3ccccc23)cc(C)c1C,38,85,67.66666667
Cc1ccc(Oc2ccc(C(c3ccc(Oc4ccc(N5C(=O)c6cccc(-c7cccc8c7C(=O)N(C)C8=O)c6C5=O)cc4)cc3)(C(F)(F)F)C(F)(F)F)cc2)cc1,83.4,83.4,83.4
Cc1c(C(C)C)cc(C(c2cc(C(C)C)c(N3C(=O)c4ccc(C(c5ccc6c(c5)C(=O)N(C)C6=O)(C(F)(F)F)C(F)(F)F)cc4C3=O)c(C(C)C)c2)c2cccc3ccccc23)cc1C(C)C,60,79,69.5
Cc1ccc(Oc2ccc(N3C(=O)[C@H]4C[C@@H]5C(=O)N(C)C(=O)[C@@H]5C[C@H]4C3=O)cc2)cc1,86,86,86
Cc1ccc(Oc2cccc(N3C(=O)[C@H]4C[C@@H]5C(=O)N(C)C(=O)[C@@H]5C[C@H]4C3=O)c2)cc1,86,86,86
Cc1cccc(Oc2ccc(N3C(=O)[C@H]4C[C@@H]5C(=O)N(C)C(=O)[C@@H]5C[C@H]4C3=O)cc2)c1,86,86,86
Cc1ccc(Oc2ccc(Oc3ccc(N4C(=O)[C@H]5C[C@@H]6C(=O)N(C)C(=O)[C@@H]6C[C@H]5C4=O)cc3)cc2)cc1,83.4,83.4,83.4
Cc1ccc(Oc2cccc(Oc3ccc(N4C(=O)[C@H]5C[C@@H]6C(=O)N(C)C(=O)[C@@H]6C[C@H]5C4=O)cc3)c2)cc1,81.9,81.9,81.9
Cc1ccc(Oc2ccc(C(C)(C)c3ccc(Oc4ccc(N5C(=O)[C@H]6C[C@@H]7C(=O)N(C)C(=O)[C@@H]7C[C@H]6C5=O)cc4)cc3)cc2)cc1,83.9,83.9,83.9
Cc1ccc(Oc2ccc(-c3ccc(Oc4ccc(N5C(=O)c6cccc(-c7cccc8c7C(=O)N(C)C8=O)c6C5=O)cc4C(F)(F)F)cc3)cc2)c(C(F)(F)F)c1,81.2,81.2,81.2
Cc1ccc(Oc2ccc(-c3ccc(Oc4ccc(N5C(=O)[C@H]6C[C@@H]7C(=O)N(C)C(=O)[C@@H]7C[C@H]6C5=O)cc4)cc3)cc2)cc1,84.5,84.5,84.5
Cc1cccc(Oc2ccc(S(=O)(=O)c3ccc(Oc4cccc(N5C(=O)[C@H]6C[C@@H]7C(=O)N(C)C(=O)[C@@H]7C[C@H]6C5=O)c4)cc3)cc2)c1,81,81,81
Cc1ccc(Oc2ccc(N3C(=O)[C@H]4C[C@@H]5C(=O)N(C)C(=O)[C@@H]5C[C@H]4C3=O)cc2C(F)(F)F)c(C(F)(F)F)c1,83.3,83.3,83.3
Cc1ccc(C(c2ccc(N3C(=O)[C@H]4C[C@@H]5C(=O)N(C)C(=O)[C@@H]5C[C@H]4C3=O)cc2)(C(F)(F)F)C(F)(F)F)cc1,88.5,88.5,88.5
Cc1ccc(Oc2ccc(C(c3ccc(Oc4ccc(N5C(=O)[C@H]6C[C@@H]7C(=O)N(C)C(=O)[C@@H]7C[C@H]6C5=O)cc4)cc3)(C(F)(F)F)C(F)(F)F)cc2)cc1,82.5,82.5,82.5
Cc1ccc(N2C(=O)[C@H]3C[C@@H]4C(=O)N(C)C(=O)[C@@H]4C[C@H]3C2=O)cc1,80.5,80.5,80.5
Cc1ccc(-c2ccc(N3C(=O)[C@H]4C[C@@H]5C(=O)N(C)C(=O)[C@@H]5C[C@H]4C3=O)c(C)c2)cc1C,83.8,83.8,83.8
Cc1ccc(-c2ccc(N3C(=O)[C@H]4C[C@@H]5C(=O)N(C)C(=O)[C@@H]5C[C@H]4C3=O)cc2C)c(C)c1,86.4,86.4,86.4
Cc1ccc(C(=O)Oc2ccc(N3C(=O)[C@H]4C[C@@H]5C(=O)N(C)C(=O)[C@@H]5C[C@H]4C3=O)cc2)cc1,83.5,83.5,83.5
Cc1ccc(OC(=O)c2ccc(N3C(=O)[C@H]4C[C@@H]5C(=O)N(C)C(=O)[C@@H]5C[C@H]4C3=O)cc2)cc1,83.5,83.5,83.5
Cc1ccc(C(=O)Nc2ccc(N3C(=O)[C@H]4C[C@@H]5C(=O)N(C)C(=O)[C@@H]5C[C@H]4C3=O)cc2)cc1,78.6,78.6,78.6
Cc1ccc(NC(=O)c2ccc(N3C(=O)[C@H]4C[C@@H]5C(=O)N(C)C(=O)[C@@H]5C[C@H]4C3=O)cc2)cc1,78.6,78.6,78.6
Cc1ccc(-c2ccc(N3C(=O)[C@H]4C[C@@H]5C(=O)N(C)C(=O)[C@@H]5C[C@H]4C3=O)cc2C(F)(F)F)c(C(F)(F)F)c1,83.5,83.5,83.5
CC1CCC(CC2CCC(N3C(=O)[C@H]4C[C@@H]5C(=O)N(C)C(=O)[C@@H]5C[C@H]4C3=O)CC2)CC1,86.6,86.6,86.6
CC1CCC(CC2CCC(N3C(=O)[C@H]4C[C@@H]5C(=O)N(C)C(=O)[C@@H]5C[C@H]4C3=O)C(C)C2)CC1C,84.7,84.7,84.7
CC1CCC(N2C(=O)[C@H]3C[C@@H]4C(=O)N(C)C(=O)[C@@H]4C[C@H]3C2=O)CC1,81.4,81.4,81.4
Cc1ccc2c(c1)nc(-c1ccc(N3C(=O)c4ccc(C(c5ccc6c(c5)C(=O)N(C)C6=O)(C(F)(F)F)C(F)(F)F)cc4C3=O)cc1C)n2C,14,14,14
Cc1ccc(-c2nc3cc(N4C(=O)c5ccc(C(c6ccc7c(c6)C(=O)N(C)C7=O)(C(F)(F)F)C(F)(F)F)cc5C4=O)ccc3n2C)c(C)c1,14,14,14
Cc1ccc(-c2ccc(N3C(=O)c4ccc(C[C@H]5CCCC[C@@H]5Cc5ccc6c(c5)C(=O)N(C)C6=O)cc4C3=O)cc2C(F)(F)F)c(C(F)(F)F)c1,69,69,69
Cc1ccc2c(c1)nc(-c1ccc(N3C(=O)c4ccc(C(c5ccc6c(c5)C(=O)N(C)C6=O)(C(F)(F)F)C(F)(F)F)cc4C3=O)cc1C(F)(F)F)n2C,56,56,56
Cc1ccc(-c2nc3cc(N4C(=O)c5ccc(C(c6ccc7c(c6)C(=O)N(C)C7=O)(C(F)(F)F)C(F)(F)F)cc5C4=O)ccc3n2C)c(C(F)(F)F)c1,56,56,56
Cc1ccc(Oc2ccc(N3C(=O)c4ccc(C[C@H]5CCCC[C@@H]5Cc5ccc6c(c5)C(=O)N(C)C6=O)cc4C3=O)cc2C(F)(F)F)c(C(F)(F)F)c1,59,59,59
Cc1ccc(Oc2ccc(N3C(=O)c4ccc(C[C@H]5CCCC[C@@H]5Cc5ccc6c(c5)C(=O)N(C)C6=O)cc4C3=O)cc2)cc1,32,32,32
Cc1ccc(Oc2ccc(Oc3ccc(N4C(=O)c5ccc(C[C@H]6CCCC[C@@H]6Cc6ccc7c(c6)C(=O)N(C)C7=O)cc5C4=O)cc3)cc2)cc1,37,37,37
Cc1ccc(Oc2cccc(Oc3ccc(N4C(=O)c5ccc(C[C@H]6CCCC[C@@H]6Cc6ccc7c(c6)C(=O)N(C)C7=O)cc5C4=O)cc3)c2)cc1,37,37,37
Cc1cccc(Oc2ccc(S(=O)(=O)c3ccc(Oc4cccc(N5C(=O)c6ccc(C[C@H]7CCCC[C@@H]7Cc7ccc8c(c7)C(=O)N(C)C8=O)cc6C5=O)c4)cc3)cc2)c1,65,65,65
Cc1ccc(Oc2ccc(S(=O)(=O)c3ccc(Oc4ccc(N5C(=O)c6ccc(C[C@H]7CCCC[C@@H]7Cc7ccc8c(c7)C(=O)N(C)C8=O)cc6C5=O)cc4C(F)(F)F)cc3)cc2)c(C(F)(F)F)c1,68,68,68
Cc1ccc2c(c1)nc(-c1ccc(N3C(=O)C4CC5C(=O)N(C)C(=O)C5CC4C3=O)cc1C)n2C,76,76,76
Cc1ccc(-c2nc3cc(N4C(=O)C5CC6C(=O)N(C)C(=O)C6CC5C4=O)ccc3n2C)c(C)c1,76,76,76
Cc1ccc(-c2nc3cc(N4C(=O)C5CC6C(=O)N(C)C(=O)C6CC5C4=O)ccc3n2C)c(C(F)(F)F)c1,80,80,80
Cc1ccc2c(c1)nc(-c1ccc(N3C(=O)C4CC5C(=O)N(C)C(=O)C5CC4C3=O)cc1C(F)(F)F)n2C,80,80,80
Cc1cc(C(c2ccc(-c3ccccc3)cc2)c2cc(C)c(-n3c(=O)c4cc5c(=O)n(C)c(=O)c5cc4c3=O)c(C)c2)cc(C)c1C,30,30,30
Cc1cc(C(c2ccc(-c3ccccc3)cc2)c2cc(C)c(N3C(=O)c4ccc(-c5ccc6c(c5)C(=O)N(C)C6=O)cc4C3=O)c(C)c2)cc(C)c1C,73,73,73
Cc1cc(C(c2ccc(-c3ccccc3)cc2)c2cc(C)c(N3C(=O)c4ccc(C(=O)c5ccc6c(c5)C(=O)N(C)C6=O)cc4C3=O)c(C)c2)cc(C)c1C,49,49,49
Cc1cc(C(c2ccc(-c3ccccc3)cc2)c2cc(C)c(N3C(=O)c4ccc(Oc5ccc6c(c5)C(=O)N(C)C6=O)cc4C3=O)c(C)c2)cc(C)c1C,81,81,81
Cc1cc(C(c2ccc(-c3ccccc3)cc2)c2cc(C)c(N3C(=O)c4ccc(C(c5ccc6c(c5)C(=O)N(C)C6=O)(C(F)(F)F)C(F)(F)F)cc4C3=O)c(C)c2)cc(C)c1C,82,82,82
Cc1cc(C(c2ccc(-c3ccccc3)cc2)c2cc(C)c(N3C(=O)C4C5C(=O)N(C)C(=O)C5C4C3=O)c(C)c2)cc(C)c1C,81,81,81
Cc1cc2c(c(C(F)(F)F)c1)C1C3CC(C21)C1c2cc(N4C(=O)c5ccc(C(c6ccc7c(c6)C(=O)N(C)C7=O)(C(F)(F)F)C(F)(F)F)cc5C4=O)cc(C(F)(F)F)c2C31,78,78,78
Cc1cc(C(c2ccc(-c3ccccc3)cc2)c2cc(C)c(N3C(=O)C4C5C=CC(C6C(=O)N(C)C(=O)C56)C4C3=O)c(C)c2)cc(C)c1C,84,84,84
Cc1ccc(-c2ccc(N3C(=O)c4ccc(Oc5ccc(Oc6ccc7c(c6)C(=O)N(C)C7=O)cc5)cc4C3=O)cc2C(F)(F)F)c(C(F)(F)F)c1,59.5,59.5,59.5
Cc1ccc(Oc2ccc(N3C(=O)c4ccc(Oc5ccc(Oc6ccc7c(c6)C(=O)N(C)C7=O)cc5)cc4C3=O)cc2C(F)(F)F)c(C(F)(F)F)c1,54.4,54.4,54.4
Cc1ccc(Oc2ccc(Oc3ccc(N4C(=O)c5ccc(Oc6ccc(Oc7ccc8c(c7)C(=O)N(C)C8=O)cc6)cc5C4=O)cc3C(F)(F)F)cc2)c(C(F)(F)F)c1,43.1,43.1,43.1
Cc1ccc(Oc2ccc(C(c3ccc(Oc4ccc(N5C(=O)c6ccc(Oc7ccc(Oc8ccc9c(c8)C(=O)N(C)C9=O)cc7)cc6C5=O)cc4)cc3)(C(F)(F)F)C(F)(F)F)cc2)cc1,48,48,48
Cc1ccc(-c2ccc(N3C(=O)c4ccc(Oc5ccc(Oc6ccc7c(c6)C(=O)N(C)C7=O)cc5)cc4C3=O)cc2)cc1,5.4,5.4,5.4
Cc1ccc(Oc2ccc(N3C(=O)c4ccc(Oc5ccc(Oc6ccc7c(c6)C(=O)N(C)C7=O)cc5)cc4C3=O)cc2)cc1,27.5,27.5,27.5
Cc1ccc(Oc2ccc(Oc3ccc(N4C(=O)c5ccc(Oc6ccc(Oc7ccc8c(c7)C(=O)N(C)C8=O)cc6)cc5C4=O)cc3)cc2)cc1,0.8,0.8,0.8
Cc1ccc(Oc2ccc(C(C)(C)c3ccc(Oc4ccc(N5C(=O)c6ccc(Oc7ccc(Oc8ccc9c(c8)C(=O)N(C)C9=O)cc7)cc6C5=O)cc4)cc3)cc2)cc1,3,3,3
Cc1ccc(-c2ccc(-n3c(=O)c4cc5c(=O)n(C)c(=O)c5cc4c3=O)cc2C(F)(F)F)c(C(F)(F)F)c1,4.6,4.6,4.6
Cc1cc2c(c(C(F)(F)F)c1)C1C3CC(C21)C1c2cc(N4C(=O)C5C6CC(C5C4=O)C4(CCC5(CC7CC5C5C(=O)N(C)C(=O)C75)C4=O)C6)cc(C(F)(F)F)c2C31,87,87,87
Cc1ccc(Oc2ccc(-n3c(=O)c4cc5c(=O)n(C)c(=O)c5cc4c3=O)cc2C(F)(F)F)c(C(F)(F)F)c1,1.9,1.9,1.9
Cc1ccc(Oc2ccc(Oc3ccc(-n4c(=O)c5cc6c(=O)n(C)c(=O)c6cc5c4=O)cc3C(F)(F)F)cc2)c(C(F)(F)F)c1,3.5,3.5,3.5
Cc1ccc(Oc2ccc(C(c3ccc(Oc4ccc(-n5c(=O)c6cc7c(=O)n(C)c(=O)c7cc6c5=O)cc4)cc3)(C(F)(F)F)C(F)(F)F)cc2)cc1,3,3,3
Cc1ccc(Oc2ccc(N3C(=O)c4ccc(C(c5ccc6c(c5)C(=O)N(C)C6=O)(C(F)(F)F)C(F)(F)F)cc4C3=O)cc2C(F)(F)F)c(C(F)(F)F)c1,69.7,69.7,69.7
Cc1ccc(Oc2ccc(Oc3ccc(N4C(=O)c5ccc(C(c6ccc7c(c6)C(=O)N(C)C7=O)(C(F)(F)F)C(F)(F)F)cc5C4=O)cc3C(F)(F)F)cc2)c(C(F)(F)F)c1,53.3,53.3,53.3
Cc1ccc(Oc2ccc(C(c3ccc(Oc4ccc(N5C(=O)c6ccc(C(c7ccc8c(c7)C(=O)N(C)C8=O)(C(F)(F)F)C(F)(F)F)cc6C5=O)cc4)cc3)(C(F)(F)F)C(F)(F)F)cc2)cc1,36.7,36.7,36.7
Cc1cc2c(c(C(F)(F)F)c1)C1C3CC(C21)C1c2cc(N4C(=O)C5CC6C(=O)N(C)C(=O)C6CC5C4=O)cc(C(F)(F)F)c2C31,85,85,85
Cc1ccc2oc(-c3ccc(N4C(=O)c5ccc(Oc6ccc(C(C)(C)c7ccc(Oc8ccc9c(c8)C(=O)N(C)C9=O)cc7)cc6)cc5C4=O)cc3)nc2c1,80,80,80
Cc1ccc(-c2nc3cc(N4C(=O)c5ccc(Oc6ccc(C(C)(C)c7ccc(Oc8ccc9c(c8)C(=O)N(C)C9=O)cc7)cc6)cc5C4=O)ccc3o2)cc1,80,80,80
Cc1ccc(-c2ccc(N3C(=O)c4cc(Cl)c(-c5cc6c(cc5Cl)C(=O)N(C)C6=O)cc4C3=O)cc2C(F)(F)F)c(C(F)(F)F)c1,80,80,80
Cc1cc(C(c2ccc(C(C)(C)C)cc2)c2cc(C)c(N3C(=O)c4ccc(C(=O)c5ccc6c(c5)C(=O)N(C)C6=O)cc4C3=O)c(C)c2)cc(C)c1C,80,80,80
Cc1cc(C(c2ccc(C(C)(C)C)cc2)c2cc(C)c(N3C(=O)c4ccc(Oc5ccc6c(c5)C(=O)N(C)C6=O)cc4C3=O)c(C)c2)cc(C)c1C,80,80,80
Cc1ccc(Oc2ccc(N3C(=O)c4ccc(C(c5ccc6c(c5)C(=O)N(C)C6=O)(C(F)(F)F)C(F)(F)F)cc4C3=O)cc2C(F)(F)F)c(C(F)(F)F)c1,80,80,80
Cc1cc(C(c2ccc(C(C)(C)C)cc2)c2cc(C)c(-n3c(=O)c4cc5c(=O)n(C)c(=O)c5cc4c3=O)c(C)c2)cc(C)c1C,80,80,80
