block,count
Nc1ccc2c(c1)-c1cc(N)ccc1C21c2ccccc2Oc2ccccc21,1
Nc1cccc(F)c1N,1
Nc1cc(F)c(F)c(F)c1N,1
Nc1cc(F)c(F)cc1N,1
Nc1cc(F)cc(F)c1N,1
Nc1ccc(F)c(F)c1N,1
Nc1ccccc1N=Nc1ccccc1N,1
Nc1ccc(F)cc1N,1
[16*]c1cccc([16*])c1,100
[8*]C(N)CF,1
[8*]CN,65
[8*]C(F)(F)F,122
[8*]C(N)N,21
[16*]c1cc([16*])cc(C)c1,7
[8*]C(N)CCC,2
[8*]C(N)C(C)C,2
[8*]C(N)(CCC)CCC,1
[8*]C(N)(CC)CC,1
[16*]c1c(F)cc(F)c([16*])c1F,1
[8*]C[8*],144
[16*]c1cccc(C=C)c1[16*],1
[16*]c1ccccc1,88
[7*]CC([8*])N,1
[7*]CCN,1
[15*]C1(C)CC=CC=C1c1cccc([16*])c1,1
[16*]c1ccc(C=C)cc1[16*],1
[16*]c1cc(C)cc(C)c1,2
[16*]c1ccc(F)c([16*])c1,5
[8*]C(F)F,5
[8*]C(C)CN,1
[8*]C(C)CC,2
[16*]c1cc([16*])cc([16*])c1,16
[8*]C(N)CC,2
[8*]CCN,18
[16*]c1cc([16*])cc(C#N)c1,1
[8*]CCCCN,3
[16*]c1ccc(F)c(C)c1,1
[8*]C([8*])N,3
[8*]C(N)CCN,1
[16*]c1cccc(C)c1,6
[8*]CCCN,8
[8*]CC=C,7
[16*]c1ccc([16*])cc1,70
[8*]CC,60
[8*]C(N)C(C)N,1
[16*]c1cc([16*])cc(F)c1,3
[16*]c1cccc([16*])c1[16*],6
[8*]C(C)(C)CC,1
[8*]CC(N)N,1
[8*]C(C)(C)N,3
[16*]c1cccc(C)c1F,1
[16*]c1cccc(C)c1[16*],1
[16*]c1cccc(C#N)c1,1
[8*]C(C)C,29
[8*]C(C)N,4
[8*]C(N)C=C,1
[8*]C(N)CCCCCN,1
[16*]c1cccc(C)c1C,1
[8*]C(N)CN,4
[16*]c1cccc(C=C)c1,1
[16*]c1ccc(C)cc1[16*],1
[16*]c1cccc([16*])c1C,3
[16*]c1ccc([16*])c(C)c1,3
[16*]c1c(C)cccc1C,2
[16*]c1ccc(C)c([16*])c1,2
[8*]CCCCCC,18
[8*]C(C)(C)C,6
[8*]C(N)CCCCN,1
[16*]c1cccc([16*])c1F,2
[16*]c1ccccc1[16*],15
[16*]c1ccc(C)cc1,6
Nc1cc(N)c2c(F)cccc2c1,1
[16*]c1c([16*])c(N)c2c(N)ccc([16*])c2c1[16*],1
[16*]c1cc(N)c2c(N)cc([16*])cc2c1,1
[16*]c1c(N)cc2ccccc2c1N,3
[16*]c1ccc2c(N)cc(N)cc2c1,1
[16*]c1cc(N)c2c(N)cccc2c1,9
[16*]c1ccc2cc(N)cc(N)c2c1,1
[15*]C1CCC1,2
[16*]c1ccc2cccc(N)c2c1N,9
[16*]c1ccc(N)c2c(N)cccc12,5
N#Cc1ccc2cccc(N)c2c1N,1
Cc1ccc2c(N)cc(N)c(C)c2c1,1
[16*]c1cc(N)c2ccccc2c1,3
[16*]c1ccc2cccc(N)c2c1,1
Cc1ccc2cc(N)cc(N)c2c1,1
Cc1ccc2c(N)cc(N)cc2c1,1
Nc1cc(N)cc(N=Nc2cccc3ccccc23)c1,1
Nc1cccc2c1c(N)cc1ccccc12,1
Nc1cccc2cccc(N=Nc3cccc4cccc(N)c34)c12,1
[16*]c1cccc2cccc(N)c12,1
Cc1cc2ccc(N)cc2c(C)c1N,1
[16*]c1cccc(N)c1[16*],22
[16*]c1ccccc1N,77
[16*]c1c(C)cccc1N,8
[16*]c1cccc(N)c1,160
[16*]c1cccc(N)c1C,10
[16*]c1ccc2c(N)cccc2c1N,9
[16*]c1cccc2c(N)cccc12,4
Cc1cc(N)cc2cccc(N)c12,1
[16*]c1c(N)ccc2ccccc12,6
[15*]C1(N)CC1,1
[16*]c1ccc(N)c2ccccc12,8
[16*]c1ccc2cc(C)cc(N)c2c1N,1
[16*]c1cc(N)c2cccc(N)c2c1,8
Cc1ccc(N)c2c(C)ccc(N)c12,1
[8*]CCCC,18
Cc1ccc(N)c2cccc(N)c12,1
[16*]c1ccc(N)c2cccc(N)c12,1
[8*]CCC,23
Cc1cc(N)c2cccc(N)c2c1,1
NC1=Cc2cccc3ccc(N)c1c23,1
Cc1c(C)c(N)c2c(N)ccc(C)c2c1C,1
Cc1c(C)c(N)c2c(N)cccc2c1F,1
[16*]c1c([16*])c(N)c2c(N)cccc2c1F,1
Cc1ccc(N)c2c(N)ccc(C)c12,1
Nc1cc(N)c2c(c1)CCCC2,1
NC1=CCCc2c(N)cccc21,1
Nc1cccc2c1Cc1cccc(N)c1C2,1
[16*]c1cc(N)c2ccccc2c1N,7
N#Cc1ccc(N)c2c(N)cccc12,1
Cc1cc2c(N)cccc2c(N)c1C,1
N#Cc1cc(N)c2c(N)cccc2c1,1
Cc1ccc2ccc(C)c(N)c2c1N,1
Cc1ccc(N)c2c(N)cccc12,1
Cc1cc(N)c2c(N)c(C)ccc2c1,1
C=Cc1cc(N)cc2c(C=C)cc(N)cc12,1
[16*]c1ccc(N)c2c(N)ccc([16*])c12,2
[8*]CCCCCCCC,16
[16*]c1cc2c(N)cccc2c(N)c1[16*],4
N#Cc1ccc2c(N)cccc2c1N,1
[16*]c1c(N)ccc2cccc(N)c12,1
N#Cc1ccc(N)c2cccc(N)c12,1
Nc1ccc(N)c2c1CC=CC2,1
[8*]CCCCCCCCCCCC,2
[8*]CCCCCCCCCC,14
[16*]c1ccc2c(N)ccc(N)c2c1,7
[16*]c1cc(N)c2ccc(N)cc2c1,7
[16*]c1cc(N)c2cc(N)ccc2c1,7
[16*]c1cc2c(N)cccc2cc1N,7
[16*]c1cc2cc(N)ccc2cc1N,7
[16*]c1cc2ccc(N)cc2cc1N,7
[16*]c1cc2cccc(N)c2cc1N,7
[16*]c1ccc2ccc(N)cc2c1N,7
[16*]c1ccc2cc(N)ccc2c1N,7
[8*]CCCCC,15
Cc1cc(N)c2ccc(N)cc2c1,1
Cc1cc2cc(N)ccc2cc1N,1
Cc1cc2ccc(N)cc2cc1N,1
Cc1cc2cccc(N)c2cc1N,1
Cc1ccc2ccc(N)cc2c1N,1
Nc1ccc2c3c(ccc(N)c13)CC=C2,1
[8*]C([8*])C,7
CC1=C(N)CCC=C1c1cccc(N)c1C,1
Cc1cc(N)c2cc(N)ccc2c1,1
Cc1cc(N)c2c(N)cccc2c1C,1
C=Cc1ccc(N)c2c(N)ccc(C=C)c12,1
C=C(C)c1ccc(N)c2c(N)cccc12,1
Cc1ccc2cc(N)ccc2c1N,1
Nc1cccc2c(N)cc#cc12,1
C=Cc1cc2cccc(N)c2cc1C(=C)N,1
Nc1ccc(N)c2c1C=CCC2,1
NC1=CCC=Cc2c(N)cccc21,1
Cc1cc2c(N)cccc2c(C)c1N,1
Cc1cc(C)c2c(N)cccc2c1N,1
Nc1ccc2c3c(ccc(N)c13)CCC2,1
C=Cc1c(N)cccc1C(=C)N,1
[16*]c1cc2cccc(N)c2cc1C,1
CC1C=C(N)c2c(N)cccc2C1,1
[8*]CC[8*],13
Cc1cc(N)c2cc(C)cc(N)c2c1,1
CC1C=C(N)c2cccc(N)c2C1,1
Cc1c(N)ccc2ccc(N)cc12,1
C=Cc1cccc(N)c1C(=C)N,1
NC1=CCCc2cccc(N)c21,1
Cc1ccc2c(N)ccc(N)c2c1,1
C=C(c1cccc(N)c1)c1ccccc1N,1
Cc1c(N)cccc1C#Cc1cccc(N)c1,1
Nc1c(F)c(F)c(N)c2ccccc12,1
[16*]c1ccc(N)cc1[16*],96
Nc1cccc2c(F)cc(F)c(N)c12,1
Cc1cc(N)c2c(N)cccc2c1,1
Cc1cc(N)c2c(N)cc(C)cc2c1,1
Cc1cc(N)c(C)c2ccc(N)cc12,1
Cc1cc2c(C)c(N)ccc2cc1N,1
Cc1c(N)ccc2cc(N)ccc12,1
Cc1c(N)ccc2c(C)c(N)ccc12,1
NC1=c2ccc3ccc(N)c4ccc(c2c34)CC1,1
Nc1ccc2c3c(ccc(N)c13)C=C2,1
[16*]c1cccc(N)c1C(=C)N,1
Cc1cc(N)c(C)c2cc(N)ccc12,1
Nc1c#ccc2c(N)cccc12,1
Nc1cc2cccc(N)c2c2ccccc12,1
Nc1cc2ccccc2c2c(N)cccc12,1
Nc1ccc2c(N)cc3ccccc3c2c1,1
Nc1cccc2c(N)c3ccccc3cc12,1
Nc1ccc(N)c2c1ccc1ccccc12,1
Nc1cc2c(N)cccc2c2ccccc12,1
Nc1ccc2ccc(F)cc2c1N,1
Nc1cccc2c1C(N)CCC2,1
[16*]c1c(N)cc(N)c2ccccc12,1
Cc1cccc2c(N)cc(N)cc12,1
Cc1c(N)cc(N)c2ccccc12,1
Nc1ccc2ccc(N)c(F)c2c1,1
NC1=C(c2c(N)ccc3ccccc23)C2C=CC=CC2=CC1,1
[16*]c1c(N)ccc(=CC)c1=CC,1
NC1=Cc2cc(N)ccc2CC1,1
Cc1cc2cc(N)c(C)cc2cc1N,1
Nc1ccc2c(N)c3ccccc3cc2c1,1
Nc1cccc2c1ccc1cccc(N)c12,1
Nc1cccc2ccc3cccc(N)c3c12,1
Nc1ccc2cc3ccccc3c(N)c2c1,1
Nc1ccc2c(c1)cc(N)c1ccccc12,1
Nc1ccc2c(c1)c(N)cc1ccccc12,1
Nc1ccc2ccc3cccc(N)c3c2c1,1
Nc1ccc2c(ccc3cccc(N)c32)c1,1
Nc1ccc2cc(N)c3ccccc3c2c1,1
Nc1ccc2cc3cccc(N)c3cc2c1,1
[16*]c1ccc2c(N)cccc2c1,1
Cc1cc2c(N)cccc2cc1N,1
Nc1cccc2cc3ccccc3c(N)c12,1
Nc1cccc2c1ccc1c(N)cccc12,1
Nc1ccc(N)c2c1CCCC2,1
Cc1ccc2c(N)cccc2c1N,1
Nc1cccc2c1Cc1c(N)cccc1C2,1
Nc1ccc2cccc(N)c2c1,1
Nc1cc(F)c2c(F)c(N)ccc2c1,1
Nc1cc2ccc(N)c(F)c2cc1F,1
Nc1ccc2cc(N)c(F)c(F)c2c1,1
Nc1cc2ccc(N)c(F)c2c(F)c1F,1
Nc1ccc2c(F)c(N)ccc2c1F,1
Nc1ccc2c(F)c(N)cc(F)c2c1,1
Nc1ccc2c(F)c(N)c(F)cc2c1,1
Nc1ccc2c(F)c(N)c(F)c(F)c2c1,1
Nc1ccc(F)c2c(N)cccc12,1
Nc1ccc(F)c2c(N)ccc(F)c12,1
Nc1cc(F)cc2c(N)cccc12,1
Nc1ccc(F)c2c(N)cc(F)cc12,1
Nc1cc(F)c(F)c2c(N)cccc12,1
Nc1cccc2c(N)c(F)ccc12,1
Nc1ccc(F)c2c(N)c(F)ccc12,1
Nc1cc(F)cc2c(N)c(F)ccc12,1
Nc1c(F)ccc2c(N)c(F)ccc12,1
Nc1c(F)cc(F)c2c(N)cccc12,1
Nc1cccc2c(N)c(F)c(F)cc12,1
Nc1ccc(F)c2c(N)c(F)c(F)cc12,1
Nc1cc(F)cc2c(N)c(F)c(F)cc12,1
Nc1c(F)ccc2c(N)c(F)c(F)cc12,1
Nc1c(F)c(F)c(F)c2c(N)cccc12,1
Nc1cccc2c1CCCC2N,1
Nc1ccc2c(c1N)CCCC2,1
Cc1cc2cc(C)c(N)cc2cc1N,1
Cc1c(N)c(N)cc2ccccc12,1
Cc1cc2cccc(N)c2c(N)c1C,1
Cc1ccc2cccc(N)c2c1N,1
[16*]c1cc(N)ccc1N,6
Nc1cccc2cc3cccc(N)c3cc12,1
Nc1cc(N)c2ccccc2c1,1
Nc1cccc2cccc(N)c12,1
Nc1cc2ccccc2cc1N,1
Nc1ccc(N=Nc2ccc(N)c3ccccc23)cc1,1
Nc1ccc(N)c2ccccc12,1
[3*]O[3*],322
[16*]c1ccc(N)c(F)c1,23
[4*]CCCCN,2
[4*]C(C)(C)N,1
[16*]c1ccc(N)cc1,545
[15*]C1CCC([15*])C1,1
[4*]CCCC[4*],5
[4*]CCCCCC([4*])C,1
[4*]CC([4*])CCC,1
[4*]CCCCCC[4*],5
[3*]OC1=CC=C(N)CC1,6
[4*]CCCCCN,1
[4*]CC([4*])CCCC,1
[3*]OC1=CCC(N)C=C1,2
[3*]OC=CO[3*],2
[4*]CC[4*],17
[4*]C1(C)C=C(N)C=CC1,1
[15*]C1(C)C=C(N)C=CC1,1
[15*]C1C=CC(N)CC1,1
[3*]OC1=CCC(C)C(O[3*])=C1,1
[15*]C1CC(C)C(N)=CC1C,1
[4*]CCCCC[4*],6
[15*]C1C=CC(N)=CC1,3
[4*]CCC[4*],7
[3*]OC(=C)C(C)(C)C(=C)O[3*],1
[4*]C(C)(C)CC([4*])(C)C,1
[15*]C1C=CC=C(N)C=C1,1
[3*]OC1=CC=CC(N)C=C1,1
[4*]C(C)C([4*])C,1
[4*]CCC([4*])CC,2
[4*]C([4*])(CCCC)CCCC,1
[4*]C([4*])(CCC)CCC,2
[4*]CCCC(C)N,1
[16*]c1ccc(N)cc1F,28
[15*]C1([15*])C=CC(CCC)=CC1,1
[4*]CC(F)(F)C(F)(F)C(F)(F)C(F)(F)C[4*],1
[3*]OC1=CC(C)C([15*])C=C1,1
[3*]OC1=CC=C(N)C(C)C1,1
[4*]C(C)N,1
[4*]CC#CN,1
[4*]CC(=O)C[4*],1
[3*]ON,1
[15*]C1([15*])C=CC=CC1,3
[4*]CCCCCCCC([4*])CCCCCCCCCC,1
[15*]C1([15*])CCCCC1,7
[4*]CC(C)(C)N,1
[4*]CC#CC#CC#CC[4*],1
[4*]CC(C)C[4*],1
[4*]C([4*])([4*])C,1
[4*]CC,10
[4*]CC([4*])CCCCC,1
[3*]OC([7*])C(F)(F)F,1
[4*]CCCCCCN,1
[4*]CCCCCC([4*])CC,1
[4*]CC([4*])C,2
[15*]C1CCC([15*])CC1,5
[4*]C([4*])(C)C,3
[16*]c1cc(F)c(N)c(F)c1,8
[4*]C([4*])C,2
[4*]CCCCCCCCCCC[4*],2
[4*]C([4*])(C(F)(F)F)C(F)(F)F,2
[16*]c1ccc(N)cc1N,6
[4*]CCCCCCCC[4*],2
[3*]OC1=C(O[3*])C(F)(F)C(F)(F)C1(F)F,1
[4*]CC(C)(C)C[4*],2
[4*]CCCCCCCCCCCC[4*],2
[4*]CCCCCCCCCC[4*],2
[4*]CCN,1
[4*]CCCCCCCCC[4*],2
[3*]OCO[3*],2
[4*]CCCCCCC[4*],2
[15*]C1C=C(N)C=CC1,1
[4*]C([4*])(CC)CC,1
[4*]C(F)(F)C(F)(F)C([4*])(F)F,1
[4*]CCCC([4*])C,1
[3*]OC,31
[3*]OC1=CC=CC(N)C1,2
[4*]C([4*])CCC,1
[4*]C([4*])CC,1
[4*]C([4*])CCCCC,1
[4*]C([4*])CCCC,1
[3*]OC1=CCC=C(N)C=C1,2
[3*]OC1=CC(C[4*])=CCC1,1
[3*]OC1=CC=C(N)C=CC1,1
[3*]OC1=CCC=CC(N)=CC1,1
[15*]C1(N)C=CC=CC1,2
[16*]c1cccc(N)c1F,7
[3*]OC(F)(F)F,3
[4*]CC=C,3
[15*]C1(C)C=CC(N)=CC1,2
[4*]C1(C)C=CC(N)=CC1,1
[3*]OC1=CC=C(N)CC=C1,1
[16*]c1ccc(N)c(N)c1,34
[4*]C1(C)CC1,1
[15*]C1(C)CC1,1
[16*]c1ccc(F)cc1F,4
[4*]CCCF,1
[16*]c1cc(F)ccc1F,1
[16*]c1cccc(F)c1F,2
[16*]c1cc(F)cc(F)c1,3
[16*]c1ccc(F)c(F)c1,1
[4*]C(C)(C)CC,1
[16*]c1cccc(F)c1,11
[16*]c1ccccc1F,7
Nc1ccc2c(c1)Oc1cc(N)ccc1O2,1
[16*]c1ccc(F)c(N)c1,9
[4*]C(C)(C)C,1
[15*]C1CCCCC1,2
[16*]c1ccc(N)c(N)c1F,9
[16*]c1ccc(F)cc1,9
[4*]CCCCCC,1
[4*]CC[7*],1
[16*]c1ccc(C)c(N)c1,4
[4*]C(C)C,2
[16*]c1cc(N)cc(F)c1,8
[4*]CCCN,1
[4*]CCCC,2
[4*]CCCCC,1
[16*]c1cccc(N)c1N,1
[4*]CCC,2
[1*]C([1*])=O,1
[4*]C(F)(F)C(F)F,1
[15*]C1([15*])C=CCC=C1,1
Nc1ccc2c(c1)OCCOCCOCCOc1ccc(N)cc1OCCO2,1
Nc1ccc2c(c1)OCCOCCOc1ccc(N)cc1OCCO2,1
[16*]c1cc(N)cc(N)c1,7
Nc1ccc2c(c1)Oc1cc(N)ccc1OCCOCCOCCO2,1
Nc1ccc2c(c1)OCCOc1cc(N)ccc1OCCOCCO2,1
Nc1ccc2c(c1)OCCOCCOCCOc1cc(N)ccc1OCCO2,1
Nc1ccc2c(c1)OCCOCCOc1cc(N)ccc1OCCO2,1
Nc1ccc2c(c1)OCCOCCOCCOc1ccc(N)cc1OCCOCCO2,1
Nc1ccc2c(c1)OCCOCCOc1cc(N)ccc1OCCOCCOCCO2,1
Nc1ccc2c(c1)OCCOCCOc1cc(N)ccc1OCCOCCO2,1
Nc1ccc2c(c1)OCCOCCOc1ccc(N)cc1OCCOCCO2,1
Nc1ccc2c(c1)Oc1ccc(N)cc1O2,1
[3*]OC1=CC=CC([15*])(F)C1,1
[15*]C1C=CC=C(N)C1,1
[3*]OS(=O)(=O)O[3*],2
[3*]OC1=CCCC(O[3*])=C1,2
[16*]c1cc([16*])cc(C=C)c1,2
[16*]c1c(F)c([16*])c(F)c(F)c1F,2
[3*]OC1=CC=CC(C)(N)C1,1
[3*]OC1=CC=CC(N)C1C,1
[16*]c1ccc(P(=O)(c2ccccc2)c2ccccc2)c([16*])c1,2
[16*]c1cc(N)ccc1P(=O)(c1ccccc1)c1ccccc1,1
[16*]c1cc(C)cc(N)c1,2
[16*]c1cccc([16*])c1Br,1
[16*]c1cc([16*])cc(Br)c1,2
[16*]c1cc([16*])cc(Cl)c1,2
[16*]c1cc([16*])cc(N)c1,15
[4*]CCCCC([4*])C,1
[3*]OC1=CC=C(N)CC1C,1
[3*]OC1=CCCC(N)=C1,1
[3*]OC1=CC=C(O[3*])CC1,1
[3*]OC1=CC(N)=CCC1,1
[16*]c1c(N)cccc1N,2
[16*]c1ccc(N=Nc2ccccc2)c([16*])c1,2
[3*]OC1=CC=CC([15*])C1,1
[16*]c1ccc(N)c([16*])c1,68
[16*]c1ccc(N)cc1C,15
[16*]c1ccc(N=Nc2ccc([16*])cc2)cc1,1
[15*]C1CCCC([15*])C1,2
[16*]c1ccc(N)c(C)c1,28
[16*]c1cc([16*])c(N)cc1N,1
[16*]c1c2ccccc2cc2c(N)cccc12,1
[16*]c1ccc2ccccc2c1[16*],2
CC1(C)c2cc3cc(N)ccc3cc2Oc2cc3ccc(N)cc3cc21,1
Cc1ccc2c(c1C)Oc1c(cc(N)c(C)c1C)C21c2ccccc2-c2ccc(N)cc21,1
Nc1ccc2cc3c(cc2c1)C(c1ccccc1)c1cc2cc(N)ccc2cc1O3,1
[16*]c1ccc2ccccc2c1,8
[8*]CC1c2cc3cc(N)ccc3cc2Oc2cc3ccc(N)cc3cc21,1
[16*]c1ccc(C2(c3ccccc3)c3cc4cc(N)ccc4cc3Oc3cc4ccc(N)cc4cc32)cc1,1
[8*]CC1(c2ccccc2)c2cc3cc(N)ccc3cc2Oc2cc3ccc(N)cc3cc21,1
Nc1ccc2cc3c(cc2c1)C(c1ccccc1)(c1ccccc1)c1cc2cc(N)ccc2cc1O3,1
[8*]CC1(C)c2cc3cc(N)ccc3cc2Oc2cc3ccc(N)cc3cc21,1
[16*]c1ccc(C2(C)c3cc4cc(N)ccc4cc3Oc3cc4ccc(N)cc4cc32)cc1,1
CC1(c2ccccc2)c2cc3cc(N)ccc3cc2Oc2cc3ccc(N)cc3cc21,1
[16*]c1ccc(C2c3cc4cc(N)ccc4cc3Oc3cc4ccc(N)cc4cc32)cc1,1
Nc1ccc2cc3c(cc2c1)Cc1cc2cc(N)ccc2cc1O3,1
[16*]c1ccc2c(c1)-c1cc([16*])ccc1C21c2ccccc2Oc2ccccc21,1
Nc1ccc2c(c1)C1(c3ccccc3Oc3ccccc31)c1cc(N)ccc1-2,1
Nc1ccc(C2(c3ccc(N)cc3)c3ccccc3Oc3cc4ccccc4cc32)cc1,1
[16*]c1c2c(cc3c([16*])c4c(cc13)C(C)(C)c1cc(N)ccc1-4)C(C)(C)c1cc(N)ccc1-2,1
[16*]c1ccc2ccc3ccc(N)c4ccc1c2c34,2
[16*]c1ccc2c(c1)Cc1cc([16*])ccc1-2,3
[16*]c1ccc2ccc3c(N)ccc4ccc1c2c43,1
[16*]c1ccc(C2(c3ccc([16*])cc3)c3ccccc3-c3ccccc32)cc1,1
[16*]c1ccc2c(c1)C1(c3cc([16*])ccc3-2)c2ccc3ccccc3c2Oc2c1ccc1ccccc21,1
[16*]c1c2ccccc2c([16*])c2ccccc12,2
Nc1ccc2c(F)c(N)ccc2c1,1
Nc1ccc2cc(N)c(F)cc2c1,1
Nc1cc(F)c2cc(N)ccc2c1,1
[16*]c1cc(C)c(N)cc1F,1
[15*]C1C=CC([15*])(N)C(C(F)(F)F)=C1C(F)(F)F,1
[15*]C1C=C(C(F)(F)F)C([15*])(N)C=C1C(F)(F)F,1
[8*]C(F)(F)C(F)(F)C([8*])(F)F,4
[8*]C([8*])(F)C(F)(F)C(F)(F)F,10
[15*]C1([15*])CC(c2ccc(N)cc2)=CC=C1N,1
[15*]C1C=CC(N)=CC1([15*])[15*],1
[16*]c1c(N)ccc(F)c1N,1
[16*]c1ccc([16*])c(N)c1,4
[16*]c1cc(F)c(F)c(F)c1,1
[16*]c1cc(F)c([16*])c(F)c1F,1
[16*]c1ccc([16*])c(F)c1,2
[16*]c1cc(F)c([16*])cc1F,1
[16*]c1c(F)c(F)c([16*])c(F)c1F,1
[16*]c1ccc([16*])c(F)c1F,1
[16*]c1cc(F)c([16*])c(F)c1,1
[16*]c1cc(N)ccc1F,6
[16*]c1cccc(F)c1N,5
[16*]c1cc(F)ccc1N,4
[16*]c1c(N)cccc1F,3
[16*]c1ccc(F)cc1N,6
[16*]c1cc(N)cc(F)c1N,1
[8*]C(F)C=C,1
[16*]c1cc(F)c(N)c(F)c1F,3
[16*]c1cc(N)c(F)cc1F,1
[16*]c1cccc([16*])c1N,5
[8*]CF,5
Nc1ccc(C#CC#Cc2ccc(N)c(F)c2)cc1F,1
[8*]C([8*])[8*],19
[8*]C([8*])CC,4
[16*]c1c(C)c(F)c(N)c(F)c1F,1
[16*]c1c(C)c(F)c(F)c(N)c1F,1
[16*]c1c(F)cccc1F,1
[16*]c1cc(N)c(N)c(F)c1F,4
[16*]c1c(F)c(N)cc(N)c1F,2
[16*]c1ccc(N)c(F)c1N,2
[16*]c1c(F)cc(N)c(N)c1F,2
[8*]C([8*])CCN,2
[16*]c1ccc(N)c(F)c1F,12
[15*]C1CCC(C#CN)CC1,1
Nc1ccc(C2=CCC(N)(Br)C=C2)c(F)c1,1
[16*]c1cc(F)c(N)c(C)c1F,1
[8*]CCCC(N)CCCC,1
[16*]c1cc(F)cc([16*])c1N,1
[16*]c1ccc(N)c([16*])c1[16*],2
Nc1ccc2c(c1)[nH]c(=O)c1cc(N)ccc12,1
Nc1ccc2c(c1)Cc1c-2cc(Cl)c(N)c1Cl,1
NC1=Cc2ncc3cc(N)ccc3c2C(=O)C1,1
Nc1ccc2c(c1)oc(=O)c1cc(N)ccc12,1
[6*]C(C)=O,2
[14*]c1nnc(N)s1,3
Nc1ccc2c(c1)C(=O)c1cc(N)ccc1-2,1
Nc1ccc2c(c1)C(=O)c1cc(N)c(Br)cc1-2,1
[16*]c1cc(Br)c(N)c(Br)c1,1
CC1CC(C2CC(C)C(N)C(C)C2)CC(C)C1N,1
[1*]C(=O)CCN,1
[5*]N[5*],16
[14*]c1sc(N)nc1C,1
Nc1ccc2c(cnc3cc(N)ccc32)c1,1
[16*]c1cc(C)c(N)c(Br)c1,1
[14*]c1coc([14*])n1,1
[9*]n1cnc([14*])c1,1
[6*]C(N)=O,1
Nc1ccc2c(c1)nnc1cc(N)ccc12,1
[9*]n1cc(N)cn1,1
[16*]c1cc(Cl)c(N)c(Cl)c1,3
[15*]C1CCC(N)CC1,9
Nc1ccc2c(c1)Cc1cc(N)c(Br)cc1-2,1
[16*]c1ccc(N)c(Br)c1,2
[16*]c1cc(C)c(N)cc1C,4
[16*]c1cc(C)c(N)c(C)c1,13
Nc1ccc2c(c1)[nH]c1cc(N)ccc12,1
[14*]c1ccc(N)s1,2
Nc1ccc2c(c1)Cc1cc(N)c(Cl)cc1-2,1
Nc1ccc2c(c1)Cc1cc(N)ccc1-2,1
Nc1ccc2c(c1)sc1cc(N)ccc12,1
[16*]c1ccc(N)c(Cl)c1,8
[9*]n1ccc2c(N)nccc21,1
[5*]N1CCC(N)CC1,1
NC1CCC(C2CCC(N)CC2)CC1,1
[14*]c1ccc(N)cn1,3
[14*]c1ncc(N)cn1,1
[16*]c1ccc(N)nc1,1
Nc1ccc(N)s1,1
NC1=NC(N)CC1,1
NC1CCC(N)C1,1
Nc1ccc2c(c1)CCc1cc3c(cc1-2)CCc1cc(N)ccc1-3,1
[16*]c1cc(N)c2cc([16*])cc(N)c2c1,1
[16*]c1cc(N)cc2c([16*])cc(N)cc12,1
[16*]c1ccc([16*])c([16*])c1,9
[16*]c1c2cc(N)cc3ccc4c([16*])c5cc(N)cc6ccc1c(c65)c4c32,1
Nc1ccc2c(ccc3c4ccc(N)cc4ccc23)c1,1
Nc1cc(N)c2cccc3c2c1-c1ccccc1C3,1
CC1(N)C=c2ccc3cc(N)cc4ccc(c2c43)C1,1
[16*]c1c2ccccc2c(N)c2ccccc12,1
[16*]c1ccc2c3ccc(N)cc3c3ccccc3c2c1,1
[16*]c1ccc2cc([16*])ccc2c1,6
[16*]c1ccc(N)cc1C#N,2
[16*]c1c(C)cc(C)cc1C,2
[16*]c1cc(C)c(C)cc1C,1
[8*]C([8*])([8*])[8*],2
[16*]c1ccc2cc(N)ccc2c1,13
[8*]C([8*])([8*])C,5
[8*]CC([8*])([8*])C,1
[16*]c1cccc2ccccc12,9
[8*]CC([8*])[8*],1
[16*]c1c(N)ccc2cc(N)ccc12,1
Nc1cc2ccc3cccc4c(N)cc(c1)c2c34,1
[8*]C([8*])(C)C,23
[16*]c1c(N)ccc2c1ccc1cc(N)ccc12,1
[16*]c1ccc([16*])c([16*])c1[16*],3
[16*]c1c(C)cc(N)cc1C,2
[16*]c1cc([16*])c([16*])cc1[16*],4
Nc1ccc2cc(N)c3cc4ccccc4cc3c2c1,1
[16*]c1ccc(N)c(C)c1[16*],1
Cc1c(N)ccc2c(N)cccc12,1
[16*]c1cc(N)c2ccc3ccc(N)c4ccc1c2c34,1
[16*]c1ccc(C)c(C)c1,1
Nc1cccc2cc3cc4cc5c(N)cccc5cc4cc3cc12,1
[8*]CCCC[8*],1
[16*]c1ccc2cc3c(ccc4ccccc43)cc2c1,1
[16*]c1cc(N)c2ccc3ccc(N)cc3c2c1,1
[16*]c1cc2ccccc2c2ccccc12,1
NC1=CCC2=CCc3c(N)ccc4ccc1c2c34,1
[16*]c1cccc2c1ccc1cc3ccccc3cc12,1
[16*]c1ccc2c(C)cc(N)cc2c1,4
[16*]c1ccc2ccccc2c1N,1
[16*]c1cc(N)cc2ccccc12,1
[16*]c1cc2ccc3c(N)ccc4ccc(c1N)c2c43,1
[16*]c1cc(C)ccc1C,1
[16*]c1c(C)ccc(C)c1[16*],1
[16*]c1ccc2c3ccccc3c3ccccc3c2c1,1
[16*]c1ccc2ccc3c([16*])ccc4ccc1c2c43,1
[16*]c1cc2ccc3cc([16*])cc4ccc(c1)c2c34,1
[16*]c1cccc2c1c(N)cc1c3ccccc3c(N)cc21,1
[16*]c1c(N)ccc2cccc(C)c12,1
[16*]c1c(N)ccc2ccc(N)cc12,1
Cc1cc(N)c2ccc3c(N)cc(C)c4ccc1c2c43,1
[16*]c1cc(N)c2ccccc2c1[16*],1
[16*]c1ccc2c(N)cccc2c1[16*],1
[16*]c1c2ccc(N)cc2c([16*])c2ccc(N)cc12,1
[16*]c1c2ccccc2cc2ccccc12,1
Nc1ccc2c(c1)-c1cc3c(cc1CC2)-c1cc(N)ccc1CC3,1
[16*]c1ccc2ccc(N)cc2c1,1
[15*]C1([15*])CC1,3
Cc1cc(N)c2ccc3c(C)cc(N)c4ccc1c2c34,1
Cc1ccc2c3ccc(N)c4c(C)ccc(c5ccc(N)c1c25)c43,1
Nc1c2cccc3ccc4c(N)c5cccc6ccc1c(c65)c4c32,1
[16*]c1cc(N)c2cc([16*])ccc2c1,1
[16*]c1c(N)ccc2cc3ccccc3cc12,1
Nc1cc2ccc3ccc(N)c4ccc(c1)c2c34,1
Cc1c(N)cc2ccccc2c1N,1
Nc1ccc(N)c2cc3ccccc3cc12,1
[16*]c1ccc(N)c2c1CCCC2,1
[8*]CC(F)(F)F,7
[16*]c1cc2ccccc2c([16*])c1[16*],1
Nc1ccc2cccc3c4c(N)ccc5cccc(c1c23)c54,1
Nc1cc2ccc3cc(N)cc4ccc(c1)c2c34,1
Nc1ccc2c(ccc3c(N)cccc32)c1,1
Nc1ccc2c3cccc4c(N)ccc(c5cccc1c52)c43,1
Cc1c(C)c2c(C)c(N)c(C)c3ccc4cc(N)cc1c4c32,1
Nc1ccc2cc3cc(N)c(F)cc3cc2c1,1
Nc1ccc2cc3c(F)c(N)ccc3cc2c1F,1
Nc1ccc2cc3c(F)c(N)cc(F)c3cc2c1,1
[16*]c1cc([16*])c([16*])c(N)c1,1
Nc1c(F)c(F)c2c(F)c3c(F)c(N)c(F)cc3cc2c1F,1
Nc1ccc2c(c1)C(F)(F)C(F)(F)c1cc(N)ccc1-2,1
[16*]c1ccc2cccc([16*])c2c1,3
[16*]c1cccc2c([16*])cccc12,1
[16*]c1cc(N)cc([16*])c1[16*],10
[16*]c1ccc2c([16*])cccc2c1,1
[16*]c1ccc2ccc([16*])cc2c1,1
[16*]c1c(F)cc(N)cc1F,8
[16*]c1cc2c(cc1[16*])C(F)C(F)c1cc(N)ccc1-2,1
[16*]c1cc2c(cc1[16*])C(F)(F)Cc1cc(N)cc([16*])c1-2,1
Nc1cccc2cc3c(N)cccc3cc12,1
Cc1cc(N)c2ccccc2c1N,1
Nc1cc2c3ccccc3c(N)cc2c2ccccc12,1
Nc1ccc2ccc3ccc(N)c4ccc1c2c34,1
Nc1cc(N)c2ccc3cccc4ccc1c2c43,1
Nc1ccc2c(N)cccc2c1,1
Nc1ccc2ccc(N)cc2c1,1
Nc1c(N)c2ccccc2c2ccccc12,1
Nc1ccc2ccc3c(N)ccc4ccc1c2c43,1
[8*]C(O)(C(F)(F)F)C(F)(F)F,1
[16*]c1c(N)ccc2cc3ccc(N)cc3cc12,1
[15*]C1CCC(N)C(C)C1,2
[16*]c1cc2cc3cc([16*])c(N)cc3nc2cc1N,3
[14*]c1cccc([14*])n1,1
Nc1ccc2c3ccc(N)c4cccc(c5cccc1c52)c43,1
[14*]c1csc([14*])n1,1
Nc1ccc2c(c1)-c1ccc(N)c3cccc-2c13,1
[1*]C(C)=O,2
[5*]N1c2ccc(N)cc2Sc2cc(N)ccc21,1
CC1=Cc2cc3ccc(N)cc3cc2C(C)(C)C1(C)N,1
[14*]c1nc2cc(N)ccc2o1,1
[15*]C1CCCC(N)C1,1
[16*]c1cc2cc3ccc(N)cc3nc2cc1N,1
Cc1c(N)c(C)c2nc3c(C)c(N)ccc3cc2c1C,1
Nc1ccc2c(c1)C(=O)c1cc(N)ccc1S2(=O)=O,1
N#Cc1c2ccc(N)cc2nc2cc(N)ccc12,1
Nc1ccc2c(c1)S(=O)(=O)c1cc(N)ccc1O2,1
Nc1ccc2c(c1)=c1cc(N)ccc1=2,1
Cc1cc2nc3cc(C)c(N)cc3nc2cc1N,1
Cc1cc2c(cc1N)Cc1cc(N)c(C)cc1N2,1
Nc1ccc2cc3cc(N)ccc3cc2c1,1
NC1=CC2Nc3cc(N)ccc3C(=O)C2C=C1,1
Cc1c2ccc(N)cc2nc2cc(N)ccc12,1
Cc1c2cc(N)ccc2nc2ccc(N)cc12,1
Nc1ccc2[nH]c3ccc(N)cc3c(=O)c2c1,1
Cc1cc2nc3ccc(N)cc3nc2cc1N,1
Nc1ccc2c(=O)c3ccc(N)cc3oc2c1,1
Nc1ccc2oc3ccc(N)cc3c(=O)c2c1,1
Nc1ccc2c(c1)Oc1cc(N)ccc1N2,1
Nc1ccc2nc3ccc(N)cc3nc2c1,1
Nc1ccc2c(c1)Nc1cc(N)ccc1C2,1
Nc1cnc2cc3ncc(N)cc3cc2c1,1
Nc1ccc2nc3ccc(N)cc3cc2c1,1
[8*]C([8*])(CCC)CCC,1
[8*]C([8*])(C)C(C)C,1
[8*]C([8*])(CC)CCC,1
[8*]C([8*])(CC)CCCC,1
[8*]C([8*])(C)CCCC,1
[8*]C([8*])(CC)CCC(C)C,1
[8*]C([8*])(CCCC)CCCC,1
[8*]C([8*])(C)CCCCCC,1
[8*]C([8*])(CC)CC(C)CC,1
[8*]C([8*])(CC)CCCCCC,1
[8*]C([8*])(C(C)C)C(C)C,1
[8*]C([8*])(CC(C)C)CC(C)C,1
[8*]C([8*])(CC)CCCCC,1
[15*]C1([15*])CCCCCCC1,1
[15*]C1C=CC=CC1([15*])[15*],1
[15*]C1([15*])C=CCCC1,1
[15*]C1([15*])CCCC1,1
[8*]C([8*])C(C)(C)C,1
[8*]C([8*])(C(C)CC)C(C)CC,1
[8*]C([8*])(F)C(C)F,1
[8*]C([8*])(CC=C)CC=C,1
[15*]C1([15*])C=CC=CC1(F)F,1
[16*]c1cc([16*])c(F)c([16*])c1N,1
[7*]C1C=CC(N)=CC1([15*])[15*],1
[8*]C(C)(C)C1=CC=C(C([8*])(C)C)CC1,1
[8*]C([8*])(CCCF)C(F)(F)F,1
[8*]C([8*])([8*])C(F)(F)F,7
[8*]C([8*])(CF)C(F)(F)F,2
[15*]C1(C2=CC=C(N)C=CC2)CCCCC1,1
[8*]C([8*])(C)C=C,1
[8*]C([8*])(C)CC=C,1
[7*]C(C)C,2
[7*]C(C[8*])CC([8*])(C)C,1
[8*]C([8*])(C)C(C)C(=C)C,1
[8*]C(C)(C)C(C)(C)C(=C)c1ccc(N)cc1,1
[7*]C([8*])CC([8*])(C)C,1
[8*]C(C)(C)CC([8*])(C)C,1
[8*]C(C)(C)C([8*])(C)C,1
[8*]CC([8*])(C)C,1
[8*]C(C)(C)C1=CC=C(N)CC1,1
[15*]C1(C2=CC=C(N)CC2)CCCCC1,1
[8*]C([8*])(C)C1=CCCC=C1,1
[15*]C1C=CC(N)=CC1[15*],1
[16*]c1ccc(N)c([16*])c1F,1
[16*]c1ccc(N)c(F)c1[16*],1
[15*]C1([15*])C=CC(N)=CC1,4
[15*]C1([15*])CCCCCC1,1
[15*]C1(C)C=CC(N)=C(C)C1,1
[8*]C([8*])(C)CC(C)(C)C,1
[8*]CC(C)(C)C[8*],1
[15*]C1C=C(N)C=CC1([15*])[15*],1
[16*]c1c(F)c(F)c(N)c(F)c1F,8
[16*]c1cc(C)ccc1N,3
[8*]C([8*])(C)C(F)(F)F,4
[8*]C([8*])(C(F)(F)F)C(F)(F)F,37
[8*]C(C1=CCC(N)C=C1)(C(F)(F)F)C(F)(F)F,1
[8*]C(C)(F)F,1
[8*]CC1=CC(C)C([15*])C=C1,1
[8*]C(F)(F)C([8*])(F)F,2
[15*]C1(F)C([15*])(F)C(F)(F)C1(F)F,1
[15*]C1([15*])C(F)(F)C(F)(F)C(F)(F)C1(F)F,1
[15*]C1C=CC([15*])(N)C=C1C(F)(F)F,1
[8*]C(F)(F)C(F)(F)F,4
[8*]C(F)(C(F)F)C(F)(F)F,1
[8*]C([8*])(C(F)(F)F)C(F)(F)Cl,1
[8*]C(F)C(F)F,1
[8*]C([8*])CCC(F)(F)F,2
[16*]c1cc([16*])c(N)c([16*])c1,12
[8*]C([8*])(C(F)(F)Cl)C(F)(F)Cl,1
[8*]C([8*])(C(F)(F)F)C(F)(F)C(F)(F)C(F)(F)F,2
[8*]C([8*])(C(F)(F)F)C(F)(F)C(F)(F)F,3
[8*]C(F)C(F)(F)C(F)F,1
[8*]C(F)(F)C(F)(F)C(F)(F)F,4
[8*]C(F)(F)C(F)(F)C(F)(F)C(F)(F)F,1
[8*]C(F)(F)C(F)(F)CF,1
[8*]C([8*])(C#Cc1ccccc1)C(F)(F)F,1
[8*]C([8*])(Cl)C(F)(F)C(F)(F)Cl,1
[8*]C([8*])(CC)C(F)(F)F,1
[8*]C(F)(F)C(F)(F)C(F)(F)C(F)(F)C(F)(F)C(F)(F)C(F)(F)C(F)(F)F,1
[16*]c1c(N)cc(F)c(F)c1F,1
[16*]c1c(F)c(N)c(F)c(F)c1F,1
[8*]C(F)(F)CF,1
[8*]C([8*])(CC(F)(F)F)C(F)(F)F,1
[15*]C1([15*])CC=C(C(F)(F)F)C=C1c1cccc(N)c1,1
[15*]C1(N)C=CC(c2ccc(N)cc2)=C(C(F)(F)F)C1,1
[8*]C(F)(F)CC(F)(F)F,1
[8*]C(F)(F)C(F)(F)C(F)(F)C([8*])(F)F,2
[8*]C(F)(F)C(F)(F)C(F)(F)C(F)(F)C(F)(F)C(F)(F)C([8*])(F)F,2
[15*]C1C(C(F)(F)F)=C(c2ccc(N)cc2)C=CC1([15*])N,1
[15*]C1(N)CC(C(F)(F)F)=C(c2ccc(N)cc2)C=C1C(F)(F)F,1
[8*]C(F)(F)C([8*])(F)C(F)(F)F,3
[16*]c1c(F)cc(N)c(F)c1F,3
[8*]C([8*])([8*])C(F)F,1
[8*]C(F)(F)C(F)(F)C(F)(F)C(F)(F)C([8*])(F)F,2
[7*]C(C(F)(F)F)C(F)(F)F,1
[7*]C1CC=C(c2ccc(N)cc2)C([7*])C1[15*],1
[8*]C(C)(C(F)(F)F)C(F)(F)F,3
[16*]c1cc(N)ccc1C,3
[15*]C1C=CC=C(N)C1([15*])[15*],1
[8*]C(F)(F)C(F)(F)C([8*])(F)C(F)(F)C(F)(F)F,1
[8*]C([8*])C(F)(F)F,6
[8*]C([8*])(C)C(F)(F)C(F)(F)C(F)(F)F,1
[8*]C([8*])(CC)C(F)(F)C(F)(F)C(F)(F)F,1
[8*]C(F)(F)C(F)(F)C(F)(F)C(F)(F)C(F)(F)C(F)(F)F,2
[16*]c1ccc(N)c(C=C)c1,1
[15*]C1([15*])CC=C(C(F)(F)F)C=C1c1ccc(N)cc1,1
[8*]C([8*])(C)C(C(F)(F)F)C(F)(F)F,1
[8*]C([8*])(F)C(F)(F)C(F)(F)C(F)(F)C(F)(F)F,1
[8*]C([8*])C(C)(C(F)(F)F)C(F)(F)F,1
[8*]C([8*])(C(F)(F)C(F)(F)F)C(F)(F)C(F)(F)F,2
[8*]C(C(F)(F)F)C(F)(F)F,1
[15*]C1([15*])CC(N)=CC=C1c1ccc(N)cc1,3
NC1=CC(F)=C(c2ccc(N)cc2F)C(F)(F)C1,1
[8*]C([8*])(C)CC(F)(F)F,1
[16*]c1cc(N)ccc1C1=C(C(F)(F)F)C=C(N)CC1,1
[15*]C1(F)C(F)=C(F)C(F)=C(F)C1([15*])F,1
[16*]c1cc(N)c(F)cc1[16*],1
[4*]CCC([8*])[8*],2
[5*]N(C)C,4
[16*]c1cc(N)ccc1S(=O)(=O)c1ccc(N)cc1[16*],1
[8*]C([8*])([8*])O,2
Nc1c(F)c(F)c(S(=O)(=O)c2c(F)c(F)c(N)c(F)c2F)c(F)c1F,1
Nc1ccc(C2(c3ccc(N)cc3)C(=O)Nc3ccccc32)cc1,1
Nc1ccc(C2(c3ccc(N)cc3)CCCc3ccccc32)cc1,1
[5*]NC,1
[16*]c1ccc(N)c(Cl)c1Cl,2
[6*]C(=O)C([8*])(C)C,1
[15*]C1([15*])CC(C)CC(C)(C)C1,1
[15*]C1([15*])CN2CCC1CC2,1
[8*]C([8*])(CC)CC,1
CC1(c2ccc(N)cc2)C(=O)Nc2cc(N)ccc21,1
[11*]S[11*],6
[16*]c1cc(C)c(N)c(C)c1C,1
[16*]c1cc([16*])c(N)c(C)c1,6
[16*]c1ccc(N)c(C#N)c1,2
[8*]C([8*])C(=O)O,1
C[Si](C)(c1ccc(N)cc1)c1ccc(N)cc1,1
[6*]C([6*])=O,10
[14*]c1csc(N)n1,1
Nc1ccc(S(=O)(=O)c2ccc(N)cc2O)c(O)c1,1
[16*]c1cc(N)ccc1S(=O)(=O)c1ccc(N)cc1,1
N#Cc1cc(N)ccc1S(=O)(=O)c1ccc(N)cc1,1
[8*]CO,1
Nc1ccc(S(=O)(=O)c2ccc(N)cc2Cl)c(Cl)c1,1
[16*]c1c(C)c(C)c(N)c(C)c1C,1
Cc1nc(N)sc1S(=O)(=O)c1ccc(N)cc1,1
[1*]C([6*])=O,12
[16*]c1ccc(N)cc1O,2
Nc1ccc(NNc2ccc(N)cc2)cc1,1
[16*]c1cc(S(=O)(=O)c2ccc(N)cc2)ccc1N,1
Nc1ccc(S(=O)(=O)c2ccc(N)c(Cl)c2)cc1Cl,1
[5*]N([5*])[5*],2
[16*]c1cc(Cl)c(N)cc1Cl,2
[16*]c1cc(C)c(N)c(Cl)c1,1
Nc1ccc(S(=O)c2cnc(N)s2)cc1,1
[3*]OO[3*],1
Nc1ccc(S(=O)(=O)c2ccc(N)cn2)nc1,1
C[Si](O)(c1ccc(N)cc1)c1ccc(N)cc1,1
Nc1ccc(S(=O)(=O)c2ccc(N)cc2Cl)cc1,1
Cc1cc(N)ccc1S(=O)(=O)c1ccc(N)cc1,1
Nc1ccc(S(=O)(=O)c2ccc(N)c(Cl)c2)cc1,1
[16*]c1ccc(N)cc1Cl,3
[16*]c1cnc(N)nc1N,2
[16*]c1cc(C)c(O)c(C)c1,1
Nc1ccc(S(=O)(=O)c2ccc(N)cn2)cc1,1
Nc1ccc(S(=O)(=O)c2ccc(N)c(O)c2)cc1,1
Nc1ccc(S(=O)c2ccc(N)cc2)cc1,1
[8*]CC1=CC(C)(C)C(N)C=C1,1
[16*]c1ccc(N)c(Cl)c1O,1
[8*]CC1=CC(Cl)(Cl)C(N)C=C1,1
[4*]C[8*],2
[16*]c1ccc(N)c(O)c1,3
Nc1ccc(S(=O)(=O)c2ccc(N)nc2)cc1,1
[8*]C([8*])O,1
[14*]c1cnc(N)s1,1
[5*]N([5*])C,1
[16*]c1ccc(O)cc1,2
Nc1ccc([SiH2]c2ccc(N)cc2)cc1,1
[8*]C([8*])C(Cl)Cl,1
Nc1ccc(C2(c3ccc(N)cc3)c3ccccc3C(=O)c3ccccc32)cc1,1
[5*]NC(N)=S,1
[7*]C1C=CC(=N)C(C)=C1,1
[7*]C([8*])[8*],4
[11*]SC,1
[4*]CC(O)CC([8*])[8*],1
[16*]c1c2ccc(N)cc2nc2cc(N)ccc12,3
[5*]N1Cc2ncn([9*])c2CC1[13*],1
[6*]C(=O)O,1
[1*]C(=O)C([8*])[8*],1
[16*]c1ccc(C#C)cc1,1
Cc1cc2c(cc1N)Nc1cc(N)c(C)cc1C2,1
[4*]C([8*])[8*],1
[1*]C(N)=O,2
[8*]C([8*])(N=C=O)N=C=O,1
[5*]N1CCOCC1,1
[16*]c1cc2ncc3c(N)nc4c(C)c(N)ccc4c3c2cc1[16*],3
[16*]c1ccccc1Cl,1
Nc1ccc(C(=Nc2ccccc2)c2ccc(N)cc2)cc1,1
Nc1ccc(C2(c3ccc(N)cc3)c3cc(S(=O)(=O)O)ccc3-c3ccc(S(=O)(=O)O)cc32)cc1,1
[16*]c1ccc(C#N)c(C#N)c1,1
[14*]c1cccs1,1
[16*]c1cc([16*])c(Cl)c(C)c1N,1
Nc1c(F)cc(C2(c3cc(F)c(N)c(F)c3)c3ccccc3-c3ccccc32)cc1F,1
[8*]C([8*])(C)C(C)=O,1
Cc1c(N)ccc2cc3ccc(N)c(C)c3nc12,1
[16*]c1c(Cl)cccc1Cl,2
[16*]c1ccccc1C1c2ccc(N)cc2Oc2cc(N)ccc21,1
[16*]c1ccccc1C1c2ccc(N)cc2Oc2c1ccc(N)c2I,1
[3*]OS(=O)(=O)O,1
[16*]c1cc([16*])c(N)c(Cl)c1,1
[16*]c1cc(O)c(N)c(Cl)c1,2
[16*]c1ccc(N)c(C)c1C,1
[15*]C1([15*])C2CC3CC(C2)CC1C3,1
[14*]c1nc2ccc([16*])cc2[nH]1,1
[16*]c1c2ccc(N)cc2nc2ccc(C)cc12,1
Nc1ccc2c(=O)c3ccc(N)cc3[nH]c2c1,1
[16*]c1ccccc1C1c2ccc(N)cc2Oc2cc(N)c(I)cc21,1
Nc1ccc2c(c1)C(=O)c1cc(N)ccc1C2=O,1
[7*]C1C=CC(=N)C=C1,1
Nc1ccc2c(c1)Oc1cc(N)ccc1C21OC(=O)c2ccccc21,1
[12*]S(C)(=O)=O,1
CN1c2cc(N)ccc2Cc2ccc(N)cc21,1
[16*]c1c2ccccc2nc2cc(N)c(C)cc12,1
Cc1cc(C2(c3ccc(N)c(C)c3)c3ccccc3-c3ccccc32)ccc1N,1
Nc1ccc(C2(c3ccc(N)c(F)c3)c3ccccc3-c3ccccc32)cc1F,1
[16*]c1c2ccccc2nc2cc(N)ccc12,1
Nc1ccc2c(c1)S(=O)(=O)c1cc(N)ccc1C2,1
CC1(C)CC(C)(c2ccc(N)cc2)c2ccc(N)cc21,1
Nc1ccc(C2(c3ccc(N)c(Cl)c3)c3ccccc3-c3ccccc32)cc1Cl,1
[16*]c1c2cc(C)c(N)cc2nc2cc(N)c(C)cc12,1
Nc1ccc(C2(c3ccc(N)cc3)OC(=O)c3ccccc32)cc1,1
Cc1cc2c(C)c3cc(C)c(N)cc3nc2cc1N,1
Cc1cc2cc3cc(C)c(N)cc3nc2cc1N,1
Nc1ccc2cc3ccc(N)cc3nc2c1,1
[7*]CCC(C)C,1
[8*]CC(C)(C)C(C)(C)C[8*],1
[8*]C([8*])CCC(C)C,1
[16*]c1ccc(C=C)cc1,1
[15*]C1(N)C=CC(c2ccc(N)cc2)=CC1,3
CC1=C(c2ccc(N)cc2)CC(C)(C)C(N)=C1C,1
[8*]C(F)(F)C([8*])(F)C(F)(F)C(F)(F)F,1
[8*]CCCCCC(F)(F)C([8*])(F)F,1
[15*]C1CCCCC1([15*])N,1
[8*]CC1=CC=C(N)C1C,1
[15*]C1CC=C(N)CC1,1
[15*]C1CC=CC=C1N,1
[8*]CC1=CC=C(C[8*])CC1,1
Nc1ccc2c(c1)CCc1cc(N)ccc1CC2,1
[8*]C([8*])CN,1
[15*]C1(N)CCCCC1,2
Nc1ccc(C#CC#Cc2ccc(N)cc2)cc1,1
[8*]CCCCCC[8*],1
[8*]CC(C)(C)N,2
[16*]c1cc(F)c(N)cc1F,4
[8*]C([8*])(C(F)F)C(F)F,1
[15*]C1C=CC(N)=CC1(F)F,1
[8*]C(C)(C)CC(=C)c1ccc(N)cc1,1
[8*]C([8*])(C)CC,1
[8*]C([8*])[Si](C)(C)C,1
NC1=CC=C(c2ccc(N)cc2)CC1(F)F,1
CC1(C)C=C(c2ccc(N)cc2)C(C)(C)C=C1N,1
CC1(C)CC(c2ccc(N)cc2)=CC=C1N,1
[8*]C([8*])CCF,2
[8*]C([8*])(Cl)Cl,1
[8*]C([8*])(F)F,6
Nc1ccc2cc1CCCCc1cc-2ccc1N,1
Nc1ccc(C2=C(c3ccc(N)cc3)C(F)(F)C(F)(F)C2(F)F)cc1,1
Nc1ccc(C2=C(c3ccc(N)cc3)C(F)(F)C(F)(F)C(F)(F)C2(F)F)cc1,1
[8*]C([8*])(CCCC)CCCCF,1
[8*]C([8*])(C)CC(C)C,1
[8*]C([8*])C(C)CC,1
[16*]c1ccc(N)cc1C=C,1
[8*]C([8*])(F)C(F)(F)F,1
[8*]C([8*])F,1
NC1=CC=C(c2ccc(N)cc2)C(F)(F)C1,1
[8*]CCC[8*],3
[8*]C([8*])(C(F)(F)F)C(F)(F)C(F)(F)C(F)(F)C(F)(F)C(F)(F)C(F)(F)F,1
[8*]C([8*])(CF)CF,1
[16*]c1c([16*])c(=C(C(F)(F)F)C(F)(F)F)ccc1=C(C(F)(F)F)C(F)(F)F,1
[8*]C(F)(F)C(F)(F)C(F)(F)C(F)(F)C(F)(F)C([8*])(F)F,1
C=C(N)c1ccc(N)cc1F,1
[8*]C([8*])C(F)(F)C(F)(F)C(F)(F)F,1
[8*]C([8*])(CCCCC)C(C)CF,1
Nc1ccc(C#Cc2ccc(N)c(F)c2)cc1,1
[8*]C([8*])(C(F)(F)F)C(CC(F)(F)F)(C(F)(F)F)C(F)(F)F,1
[8*]C([8*])(F)C(F)(F)CF,1
[8*]C([8*])(C)CF,1
Nc1ccc(C2=CCC(N)(F)C=C2)cc1,1
[16*]c1ccc(N)c(F)c1C,1
[8*]C([8*])(C)C(F)CCCCCC,1
[15*]C1(N)C=CC(c2ccc(N)c(F)c2)=CC1F,1
[8*]CC(N)(F)F,1
[8*]C([8*])(F)C(F)(F)C(F)(F)C(F)(F)F,1
[8*]C(F)(F)C(F)(F)C(F)(F)C([8*])(F)C(F)(F)F,1
[8*]CCCCC[8*],1
C=C(c1ccc(N)cc1)c1ccc(N)cc1,1
Nc1ccc(C2=C(c3ccc(N)cc3)C(F)(F)C2(F)F)cc1,1
[8*]C([8*])CC#N,1
[8*]C([8*])C(Cl)(Cl)Cl,1
Nc1ccc(C#Cc2ccc(N)cc2)cc1,1
Nc1ccc(C2(c3ccc(N)cc3)c3ccccc3-c3ccccc32)cc1,1
Cc1ccc2c(N)c(C)ccc2c1N,1
Nc1ccc2cc(N)ccc2c1,1
Nc1ccc2c(c1)-c1cc(N)ccc1-2,1
Nc1c2ccccc2c(N)c2ccccc12,1
Nc1ccc2c(ccc3cc(N)ccc32)c1,1
Cc1ccc(N)cc1N,1
[10*]N1C(=O)CC([15*])C1=O,1
[15*]C1CCC([15*])([15*])CC1,2
[16*]c1ccc([16*])c(P(=O)(c2ccccc2)c2ccccc2)c1,1
[4*]CC(C)N,1
NCCN,1
Nc1ccccc1N,1
Nc1ccc(S(=O)(=O)c2ccc(N)cc2)cc1,1
Nc1nc(N)nc(N)n1,1
[6*]C(=O)S[11*],1
[15*]C1(C)CC(N)CC(C)(C)C1,1
NCN,1
Nc1cccc2c(N)cccc12,1
Cc1c(C)c(N)c(C)c(C)c1N,1
[16*]c1cc(C)c(N)c2ccccc12,1
NCCCCCCN,1
NC1CCC(N)CC1,1
Nc1cccc(N)c1,1
Nc1ccc(N)cc1,1
[14*]c1nc2ccc(N)cc2[nH]1,1
[4*]CC[8*],1
[14*]c1ccccn1,1
[5*]N1CCC([15*])CC1,1
Nc1ccc2c(c1)C1c3ccccc3C2c2cc(N)ccc21,1
Cc1cc(C)c(N)c(C)c1N,1
Nc1ccc2c(c1)-c1ccccc1C21c2ccccc2-c2cc(N)ccc21,1
